This is XeTeX, Version 3.141592653-2.6-0.999996 (TeX Live 2024) (preloaded format=xelatex 2024.6.27)  12 AUG 2026 22:21
entering extended mode
 restricted \write18 enabled.
 file:line:error style messages enabled.
 %&-line parsing enabled.
**main
(./main.tex
LaTeX2e <2023-11-01> patch level 1
L3 programming layer <2024-02-20>
(d:/texlive/2024/texmf-dist/tex/latex/ctex/ctexbook.cls (d:/texlive/2024/texmf-dist/tex/latex/ctex/config/ctexbackend.cfg
File: ctexbackend.cfg 2022/07/14 v2.5.10 Backend configuration file (CTEX)
) (d:/texlive/2024/texmf-dist/tex/latex/l3kernel/expl3.sty
Package: expl3 2024-02-20 L3 programming layer (loader) 
 (d:/texlive/2024/texmf-dist/tex/latex/l3backend/l3backend-xetex.def
File: l3backend-xetex.def 2024-02-20 L3 backend support: XeTeX
\g__graphics_track_int=\count184
\l__pdf_internal_box=\box51
\g__pdf_backend_object_int=\count185
\g__pdf_backend_annotation_int=\count186
\g__pdf_backend_link_int=\count187
))
Document Class: ctexbook 2022/07/14 v2.5.10 Chinese adapter for class book (CTEX)
(d:/texlive/2024/texmf-dist/tex/latex/ctex/ctexhook.sty
Package: ctexhook 2022/07/14 v2.5.10 Document and package hooks (CTEX)
) (d:/texlive/2024/texmf-dist/tex/latex/ctex/ctexpatch.sty
Package: ctexpatch 2022/07/14 v2.5.10 Patching commands (CTEX)
) (d:/texlive/2024/texmf-dist/tex/latex/base/fix-cm.sty
Package: fix-cm 2020/11/24 v1.1t fixes to LaTeX
 (d:/texlive/2024/texmf-dist/tex/latex/base/ts1enc.def
File: ts1enc.def 2001/06/05 v3.0e (jk/car/fm) Standard LaTeX file
LaTeX Font Info:    Redeclaring font encoding TS1 on input line 47.
))
\l__ctex_tmp_int=\count188
\l__ctex_tmp_box=\box52
\l__ctex_tmp_dim=\dimen140
\g__ctex_section_depth_int=\count189
\g__ctex_font_size_int=\count190
 (d:/texlive/2024/texmf-dist/tex/latex/ctex/config/ctexopts.cfg
File: ctexopts.cfg 2022/07/14 v2.5.10 Option configuration file (CTEX)
) (d:/texlive/2024/texmf-dist/tex/latex/base/book.cls
Document Class: book 2023/05/17 v1.4n Standard LaTeX document class
(d:/texlive/2024/texmf-dist/tex/latex/base/bk12.clo
File: bk12.clo 2023/05/17 v1.4n Standard LaTeX file (size option)
)
\c@part=\count191
\c@chapter=\count192
\c@section=\count193
\c@subsection=\count194
\c@subsubsection=\count195
\c@paragraph=\count196
\c@subparagraph=\count197
\c@figure=\count198
\c@table=\count199
\abovecaptionskip=\skip48
\belowcaptionskip=\skip49
\bibindent=\dimen141
) (d:/texlive/2024/texmf-dist/tex/latex/ctex/engine/ctex-engine-xetex.def
File: ctex-engine-xetex.def 2022/07/14 v2.5.10 XeLaTeX adapter (CTEX)
 (d:/texlive/2024/texmf-dist/tex/xelatex/xecjk/xeCJK.sty
Package: xeCJK 2022/08/05 v3.9.1 Typesetting CJK scripts with XeLaTeX
 (d:/texlive/2024/texmf-dist/tex/latex/l3packages/xtemplate/xtemplate.sty (d:/texlive/2024/texmf-dist/tex/latex/l3packages/xtemplate/xtemplate-2023-10-10.sty
Package: xtemplate 2023-10-10 L3 Experimental prototype document functions
\l__xtemplate_tmp_dim=\dimen142
\l__xtemplate_tmp_int=\count266
\l__xtemplate_tmp_muskip=\muskip16
\l__xtemplate_tmp_skip=\skip50
))
\l__xeCJK_tmp_int=\count267
\l__xeCJK_tmp_box=\box53
\l__xeCJK_tmp_dim=\dimen143
\l__xeCJK_tmp_skip=\skip51
\g__xeCJK_space_factor_int=\count268
\l__xeCJK_begin_int=\count269
\l__xeCJK_end_int=\count270
\c__xeCJK_CJK_class_int=\XeTeXcharclass1
\c__xeCJK_FullLeft_class_int=\XeTeXcharclass2
\c__xeCJK_FullRight_class_int=\XeTeXcharclass3
\c__xeCJK_HalfLeft_class_int=\XeTeXcharclass4
\c__xeCJK_HalfRight_class_int=\XeTeXcharclass5
\c__xeCJK_NormalSpace_class_int=\XeTeXcharclass6
\c__xeCJK_CM_class_int=\XeTeXcharclass7
\c__xeCJK_HangulJamo_class_int=\XeTeXcharclass8
\l__xeCJK_last_skip=\skip52
\c__xeCJK_none_node=\count271
\g__xeCJK_node_int=\count272
\c__xeCJK_CJK_node_dim=\dimen144
\c__xeCJK_CJK-space_node_dim=\dimen145
\c__xeCJK_default_node_dim=\dimen146
\c__xeCJK_CJK-widow_node_dim=\dimen147
\c__xeCJK_normalspace_node_dim=\dimen148
\c__xeCJK_default-space_node_skip=\skip53
\l__xeCJK_ccglue_skip=\skip54
\l__xeCJK_ecglue_skip=\skip55
\l__xeCJK_punct_kern_skip=\skip56
\l__xeCJK_indent_box=\box54
\l__xeCJK_last_penalty_int=\count273
\l__xeCJK_last_bound_dim=\dimen149
\l__xeCJK_last_kern_dim=\dimen150
\l__xeCJK_widow_penalty_int=\count274

Package xtemplate Info: Declaring object type 'xeCJK/punctuation' taking 0
(xtemplate)             argument(s) on line 2396.

\l__xeCJK_fixed_punct_width_dim=\dimen151
\l__xeCJK_mixed_punct_width_dim=\dimen152
\l__xeCJK_middle_punct_width_dim=\dimen153
\l__xeCJK_fixed_margin_width_dim=\dimen154
\l__xeCJK_mixed_margin_width_dim=\dimen155
\l__xeCJK_middle_margin_width_dim=\dimen156
\l__xeCJK_bound_punct_width_dim=\dimen157
\l__xeCJK_bound_margin_width_dim=\dimen158
\l__xeCJK_margin_minimum_dim=\dimen159
\l__xeCJK_kerning_total_width_dim=\dimen160
\l__xeCJK_same_align_margin_dim=\dimen161
\l__xeCJK_different_align_margin_dim=\dimen162
\l__xeCJK_kerning_margin_width_dim=\dimen163
\l__xeCJK_kerning_margin_minimum_dim=\dimen164
\l__xeCJK_bound_dim=\dimen165
\l__xeCJK_reverse_bound_dim=\dimen166
\l__xeCJK_margin_dim=\dimen167
\l__xeCJK_minimum_bound_dim=\dimen168
\l__xeCJK_kerning_margin_dim=\dimen169
\g__xeCJK_family_int=\count275
\l__xeCJK_fam_int=\count276
\g__xeCJK_fam_allocation_int=\count277
\l__xeCJK_verb_case_int=\count278
\l__xeCJK_verb_exspace_skip=\skip57
 (d:/texlive/2024/texmf-dist/tex/latex/fontspec/fontspec.sty (d:/texlive/2024/texmf-dist/tex/latex/l3packages/xparse/xparse.sty
Package: xparse 2024-02-18 L3 Experimental document command parser
)
Package: fontspec 2024/02/13 v2.9a Font selection for XeLaTeX and LuaLaTeX
 (d:/texlive/2024/texmf-dist/tex/latex/fontspec/fontspec-xetex.sty
Package: fontspec-xetex 2024/02/13 v2.9a Font selection for XeLaTeX and LuaLaTeX
\l__fontspec_script_int=\count279
\l__fontspec_language_int=\count280
\l__fontspec_strnum_int=\count281
\l__fontspec_tmp_int=\count282
\l__fontspec_tmpa_int=\count283
\l__fontspec_tmpb_int=\count284
\l__fontspec_tmpc_int=\count285
\l__fontspec_em_int=\count286
\l__fontspec_emdef_int=\count287
\l__fontspec_strong_int=\count288
\l__fontspec_strongdef_int=\count289
\l__fontspec_tmpa_dim=\dimen170
\l__fontspec_tmpb_dim=\dimen171
\l__fontspec_tmpc_dim=\dimen172
 (d:/texlive/2024/texmf-dist/tex/latex/base/fontenc.sty
Package: fontenc 2021/04/29 v2.0v Standard LaTeX package
) (d:/texlive/2024/texmf-dist/tex/latex/fontspec/fontspec.cfg))) (d:/texlive/2024/texmf-dist/tex/xelatex/xecjk/xeCJK.cfg
File: xeCJK.cfg 2022/08/05 v3.9.1 Configuration file for xeCJK package
))
\ccwd=\dimen173
\l__ctex_ccglue_skip=\skip58
)
\l__ctex_ziju_dim=\dimen174
 (d:/texlive/2024/texmf-dist/tex/latex/zhnumber/zhnumber.sty
Package: zhnumber 2022/07/14 v3.0 Typesetting numbers with Chinese glyphs
\l__zhnum_scale_int=\count290
\l__zhnum_tmp_int=\count291
 (d:/texlive/2024/texmf-dist/tex/latex/zhnumber/zhnumber-utf8.cfg
File: zhnumber-utf8.cfg 2022/07/14 v3.0 Chinese numerals with UTF8 encoding
))
\l__ctex_heading_skip=\skip59
 (d:/texlive/2024/texmf-dist/tex/latex/ctex/scheme/ctex-scheme-chinese-book.def
File: ctex-scheme-chinese-book.def 2022/07/14 v2.5.10 Chinese scheme for book (CTEX)
 (d:/texlive/2024/texmf-dist/tex/latex/ctex/config/ctex-name-utf8.cfg
File: ctex-name-utf8.cfg 2022/07/14 v2.5.10 Caption with encoding UTF-8 (CTEX)
)) (d:/texlive/2024/texmf-dist/tex/latex/ctex/fontset/ctex-fontset-windows.def
File: ctex-fontset-windows.def 2022/07/14 v2.5.10 Windows fonts definition (CTEX)

Package fontspec Info: Could not resolve font "KaiTi/B" (it probably doesn't
(fontspec)             exist).


Package fontspec Info: Could not resolve font "SimHei/I" (it probably doesn't
(fontspec)             exist).


Package fontspec Info: Could not resolve font "SimSun/BI" (it probably doesn't
(fontspec)             exist).


Package fontspec Info: Font family 'SimSun(0)' created for font 'SimSun' with
(fontspec)             options
(fontspec)             [Script={CJK},BoldFont={SimHei},ItalicFont={KaiTi}].
(fontspec)              
(fontspec)              This font family consists of the following NFSS
(fontspec)             series/shapes:
(fontspec)              
(fontspec)             - 'normal' (m/n) with NFSS spec.:
(fontspec)             <->"SimSun/OT:script=hani;language=dflt;"
(fontspec)             - 'small caps'  (m/sc) with NFSS spec.: 
(fontspec)             - 'bold' (b/n) with NFSS spec.:
(fontspec)             <->"SimHei/OT:script=hani;language=dflt;"
(fontspec)             - 'bold small caps'  (b/sc) with NFSS spec.: 
(fontspec)             - 'italic' (m/it) with NFSS spec.:
(fontspec)             <->"KaiTi/OT:script=hani;language=dflt;"
(fontspec)             - 'italic small caps'  (m/scit) with NFSS spec.: 

)) (d:/texlive/2024/texmf-dist/tex/latex/ctex/config/ctex.cfg
File: ctex.cfg 2022/07/14 v2.5.10 Configuration file (CTEX)
) (d:/texlive/2024/texmf-dist/tex/latex/geometry/geometry.sty
Package: geometry 2020/01/02 v5.9 Page Geometry
 (d:/texlive/2024/texmf-dist/tex/latex/graphics/keyval.sty
Package: keyval 2022/05/29 v1.15 key=value parser (DPC)
\KV@toks@=\toks17
) (d:/texlive/2024/texmf-dist/tex/generic/iftex/ifvtex.sty
Package: ifvtex 2019/10/25 v1.7 ifvtex legacy package. Use iftex instead.
 (d:/texlive/2024/texmf-dist/tex/generic/iftex/iftex.sty
Package: iftex 2022/02/03 v1.0f TeX engine tests
))
\Gm@cnth=\count292
\Gm@cntv=\count293
\c@Gm@tempcnt=\count294
\Gm@bindingoffset=\dimen175
\Gm@wd@mp=\dimen176
\Gm@odd@mp=\dimen177
\Gm@even@mp=\dimen178
\Gm@layoutwidth=\dimen179
\Gm@layoutheight=\dimen180
\Gm@layouthoffset=\dimen181
\Gm@layoutvoffset=\dimen182
\Gm@dimlist=\toks18
) (d:/texlive/2024/texmf-dist/tex/latex/hyperref/hyperref.sty
Package: hyperref 2024-01-20 v7.01h Hypertext links for LaTeX
 (d:/texlive/2024/texmf-dist/tex/latex/kvsetkeys/kvsetkeys.sty
Package: kvsetkeys 2022-10-05 v1.19 Key value parser (HO)
) (d:/texlive/2024/texmf-dist/tex/generic/kvdefinekeys/kvdefinekeys.sty
Package: kvdefinekeys 2019-12-19 v1.6 Define keys (HO)
) (d:/texlive/2024/texmf-dist/tex/generic/pdfescape/pdfescape.sty
Package: pdfescape 2019/12/09 v1.15 Implements pdfTeX's escape features (HO)
 (d:/texlive/2024/texmf-dist/tex/generic/ltxcmds/ltxcmds.sty
Package: ltxcmds 2023-12-04 v1.26 LaTeX kernel commands for general use (HO)
) (d:/texlive/2024/texmf-dist/tex/generic/pdftexcmds/pdftexcmds.sty
Package: pdftexcmds 2020-06-27 v0.33 Utility functions of pdfTeX for LuaTeX (HO)
 (d:/texlive/2024/texmf-dist/tex/generic/infwarerr/infwarerr.sty
Package: infwarerr 2019/12/03 v1.5 Providing info/warning/error messages (HO)
)
Package pdftexcmds Info: \pdf@primitive is available.
Package pdftexcmds Info: \pdf@ifprimitive is available.
Package pdftexcmds Info: \pdfdraftmode not found.
)) (d:/texlive/2024/texmf-dist/tex/latex/hycolor/hycolor.sty
Package: hycolor 2020-01-27 v1.10 Color options for hyperref/bookmark (HO)
) (d:/texlive/2024/texmf-dist/tex/latex/auxhook/auxhook.sty
Package: auxhook 2019-12-17 v1.6 Hooks for auxiliary files (HO)
) (d:/texlive/2024/texmf-dist/tex/latex/hyperref/nameref.sty
Package: nameref 2023-11-26 v2.56 Cross-referencing by name of section
 (d:/texlive/2024/texmf-dist/tex/latex/refcount/refcount.sty
Package: refcount 2019/12/15 v3.6 Data extraction from label references (HO)
) (d:/texlive/2024/texmf-dist/tex/generic/gettitlestring/gettitlestring.sty
Package: gettitlestring 2019/12/15 v1.6 Cleanup title references (HO)
 (d:/texlive/2024/texmf-dist/tex/latex/kvoptions/kvoptions.sty
Package: kvoptions 2022-06-15 v3.15 Key value format for package options (HO)
))
\c@section@level=\count295
) (d:/texlive/2024/texmf-dist/tex/latex/etoolbox/etoolbox.sty
Package: etoolbox 2020/10/05 v2.5k e-TeX tools for LaTeX (JAW)
\etb@tempcnta=\count296
)
\@linkdim=\dimen183
\Hy@linkcounter=\count297
\Hy@pagecounter=\count298
 (d:/texlive/2024/texmf-dist/tex/latex/hyperref/pd1enc.def
File: pd1enc.def 2024-01-20 v7.01h Hyperref: PDFDocEncoding definition (HO)
) (d:/texlive/2024/texmf-dist/tex/generic/intcalc/intcalc.sty
Package: intcalc 2019/12/15 v1.3 Expandable calculations with integers (HO)
)
\Hy@SavedSpaceFactor=\count299
 (d:/texlive/2024/texmf-dist/tex/latex/hyperref/puenc.def
File: puenc.def 2024-01-20 v7.01h Hyperref: PDF Unicode definition (HO)
)
Package hyperref Info: Option `unicode' set `true' on input line 4062.
Package hyperref Info: Hyper figures OFF on input line 4179.
Package hyperref Info: Link nesting OFF on input line 4184.
Package hyperref Info: Hyper index ON on input line 4187.
Package hyperref Info: Plain pages OFF on input line 4194.
Package hyperref Info: Backreferencing OFF on input line 4199.
Package hyperref Info: Implicit mode ON; LaTeX internals redefined.
Package hyperref Info: Bookmarks ON on input line 4446.
\c@Hy@tempcnt=\count300
 (d:/texlive/2024/texmf-dist/tex/latex/url/url.sty
\Urlmuskip=\muskip17
Package: url 2013/09/16  ver 3.4  Verb mode for urls, etc.
)
LaTeX Info: Redefining \url on input line 4784.
\XeTeXLinkMargin=\dimen184
 (d:/texlive/2024/texmf-dist/tex/generic/bitset/bitset.sty
Package: bitset 2019/12/09 v1.3 Handle bit-vector datatype (HO)
 (d:/texlive/2024/texmf-dist/tex/generic/bigintcalc/bigintcalc.sty
Package: bigintcalc 2019/12/15 v1.5 Expandable calculations on big integers (HO)
))
\Fld@menulength=\count301
\Field@Width=\dimen185
\Fld@charsize=\dimen186
Package hyperref Info: Hyper figures OFF on input line 6063.
Package hyperref Info: Link nesting OFF on input line 6068.
Package hyperref Info: Hyper index ON on input line 6071.
Package hyperref Info: backreferencing OFF on input line 6078.
Package hyperref Info: Link coloring OFF on input line 6083.
Package hyperref Info: Link coloring with OCG OFF on input line 6088.
Package hyperref Info: PDF/A mode OFF on input line 6093.
 (d:/texlive/2024/texmf-dist/tex/latex/base/atbegshi-ltx.sty
Package: atbegshi-ltx 2021/01/10 v1.0c Emulation of the original atbegshi
package with kernel methods
)
\Hy@abspage=\count302
\c@Item=\count303
\c@Hfootnote=\count304
)
Package hyperref Info: Driver (autodetected): hxetex.
 (d:/texlive/2024/texmf-dist/tex/latex/hyperref/hxetex.def
File: hxetex.def 2024-01-20 v7.01h Hyperref driver for XeTeX
 (d:/texlive/2024/texmf-dist/tex/generic/stringenc/stringenc.sty
Package: stringenc 2019/11/29 v1.12 Convert strings between diff. encodings (HO)
)
\pdfm@box=\box55
\c@Hy@AnnotLevel=\count305
\HyField@AnnotCount=\count306
\Fld@listcount=\count307
\c@bookmark@seq@number=\count308
 (d:/texlive/2024/texmf-dist/tex/latex/rerunfilecheck/rerunfilecheck.sty
Package: rerunfilecheck 2022-07-10 v1.10 Rerun checks for auxiliary files (HO)
 (d:/texlive/2024/texmf-dist/tex/latex/base/atveryend-ltx.sty
Package: atveryend-ltx 2020/08/19 v1.0a Emulation of the original atveryend package
with kernel methods
) (d:/texlive/2024/texmf-dist/tex/generic/uniquecounter/uniquecounter.sty
Package: uniquecounter 2019/12/15 v1.4 Provide unlimited unique counter (HO)
)
Package uniquecounter Info: New unique counter `rerunfilecheck' on input line 285.
)
\Hy@SectionHShift=\skip60
) (d:/texlive/2024/texmf-dist/tex/latex/amsmath/amsmath.sty
Package: amsmath 2023/05/13 v2.17o AMS math features
\@mathmargin=\skip61

For additional information on amsmath, use the `?' option.
(d:/texlive/2024/texmf-dist/tex/latex/amsmath/amstext.sty
Package: amstext 2021/08/26 v2.01 AMS text
 (d:/texlive/2024/texmf-dist/tex/latex/amsmath/amsgen.sty
File: amsgen.sty 1999/11/30 v2.0 generic functions
\@emptytoks=\toks19
\ex@=\dimen187
)) (d:/texlive/2024/texmf-dist/tex/latex/amsmath/amsbsy.sty
Package: amsbsy 1999/11/29 v1.2d Bold Symbols
\pmbraise@=\dimen188
) (d:/texlive/2024/texmf-dist/tex/latex/amsmath/amsopn.sty
Package: amsopn 2022/04/08 v2.04 operator names
)
\inf@bad=\count309
LaTeX Info: Redefining \frac on input line 234.
\uproot@=\count310
\leftroot@=\count311
LaTeX Info: Redefining \overline on input line 399.
LaTeX Info: Redefining \colon on input line 410.
\classnum@=\count312
\DOTSCASE@=\count313
LaTeX Info: Redefining \ldots on input line 496.
LaTeX Info: Redefining \dots on input line 499.
LaTeX Info: Redefining \cdots on input line 620.
\Mathstrutbox@=\box56
\strutbox@=\box57
LaTeX Info: Redefining \big on input line 722.
LaTeX Info: Redefining \Big on input line 723.
LaTeX Info: Redefining \bigg on input line 724.
LaTeX Info: Redefining \Bigg on input line 725.
\big@size=\dimen189
LaTeX Font Info:    Redeclaring font encoding OML on input line 743.
LaTeX Font Info:    Redeclaring font encoding OMS on input line 744.
\macc@depth=\count314
LaTeX Info: Redefining \bmod on input line 905.
LaTeX Info: Redefining \pmod on input line 910.
LaTeX Info: Redefining \smash on input line 940.
LaTeX Info: Redefining \relbar on input line 970.
LaTeX Info: Redefining \Relbar on input line 971.
\c@MaxMatrixCols=\count315
\dotsspace@=\muskip18
\c@parentequation=\count316
\dspbrk@lvl=\count317
\tag@help=\toks20
\row@=\count318
\column@=\count319
\maxfields@=\count320
\andhelp@=\toks21
\eqnshift@=\dimen190
\alignsep@=\dimen191
\tagshift@=\dimen192
\tagwidth@=\dimen193
\totwidth@=\dimen194
\lineht@=\dimen195
\@envbody=\toks22
\multlinegap=\skip62
\multlinetaggap=\skip63
\mathdisplay@stack=\toks23
LaTeX Info: Redefining \[ on input line 2953.
LaTeX Info: Redefining \] on input line 2954.
) (d:/texlive/2024/texmf-dist/tex/latex/amsfonts/amssymb.sty
Package: amssymb 2013/01/14 v3.01 AMS font symbols
 (d:/texlive/2024/texmf-dist/tex/latex/amsfonts/amsfonts.sty
Package: amsfonts 2013/01/14 v3.01 Basic AMSFonts support
\symAMSa=\mathgroup4
\symAMSb=\mathgroup5
LaTeX Font Info:    Redeclaring math symbol \hbar on input line 98.
LaTeX Font Info:    Overwriting math alphabet `\mathfrak' in version `bold'
(Font)                  U/euf/m/n --> U/euf/b/n on input line 106.
)) (d:/texlive/2024/texmf-dist/tex/latex/amscls/amsthm.sty
Package: amsthm 2020/05/29 v2.20.6
\thm@style=\toks24
\thm@bodyfont=\toks25
\thm@headfont=\toks26
\thm@notefont=\toks27
\thm@headpunct=\toks28
\thm@preskip=\skip64
\thm@postskip=\skip65
\thm@headsep=\skip66
\dth@everypar=\toks29
) (d:/texlive/2024/texmf-dist/tex/latex/tools/bm.sty
Package: bm 2023/07/08 v1.2f Bold Symbol Support (DPC/FMi)
\symboldoperators=\mathgroup6
\symboldletters=\mathgroup7
\symboldsymbols=\mathgroup8
Package bm Info: No bold for \OMX/cmex/m/n, using \pmb.
Package bm Info: No bold for \U/msa/m/n, using \pmb.
Package bm Info: No bold for \U/msb/m/n, using \pmb.
LaTeX Font Info:    Redeclaring math alphabet \mathbf on input line 149.
) (d:/texlive/2024/texmf-dist/tex/latex/graphics/graphicx.sty
Package: graphicx 2021/09/16 v1.2d Enhanced LaTeX Graphics (DPC,SPQR)
 (d:/texlive/2024/texmf-dist/tex/latex/graphics/graphics.sty
Package: graphics 2022/03/10 v1.4e Standard LaTeX Graphics (DPC,SPQR)
 (d:/texlive/2024/texmf-dist/tex/latex/graphics/trig.sty
Package: trig 2021/08/11 v1.11 sin cos tan (DPC)
) (d:/texlive/2024/texmf-dist/tex/latex/graphics-cfg/graphics.cfg
File: graphics.cfg 2016/06/04 v1.11 sample graphics configuration
)
Package graphics Info: Driver file: xetex.def on input line 107.
 (d:/texlive/2024/texmf-dist/tex/latex/graphics-def/xetex.def
File: xetex.def 2022/09/22 v5.0n Graphics/color driver for xetex
))
\Gin@req@height=\dimen196
\Gin@req@width=\dimen197
) (d:/texlive/2024/texmf-dist/tex/latex/float/float.sty
Package: float 2001/11/08 v1.3d Float enhancements (AL)
\c@float@type=\count321
\float@exts=\toks30
\float@box=\box58
\@float@everytoks=\toks31
\@floatcapt=\box59
) (d:/texlive/2024/texmf-dist/tex/latex/booktabs/booktabs.sty
Package: booktabs 2020/01/12 v1.61803398 Publication quality tables
\heavyrulewidth=\dimen198
\lightrulewidth=\dimen199
\cmidrulewidth=\dimen256
\belowrulesep=\dimen257
\belowbottomsep=\dimen258
\aboverulesep=\dimen259
\abovetopsep=\dimen260
\cmidrulesep=\dimen261
\cmidrulekern=\dimen262
\defaultaddspace=\dimen263
\@cmidla=\count322
\@cmidlb=\count323
\@aboverulesep=\dimen264
\@belowrulesep=\dimen265
\@thisruleclass=\count324
\@lastruleclass=\count325
\@thisrulewidth=\dimen266
) (d:/texlive/2024/texmf-dist/tex/latex/caption/caption.sty
Package: caption 2023/08/05 v3.6o Customizing captions (AR)
 (d:/texlive/2024/texmf-dist/tex/latex/caption/caption3.sty
Package: caption3 2023/07/31 v2.4d caption3 kernel (AR)
\caption@tempdima=\dimen267
\captionmargin=\dimen268
\caption@leftmargin=\dimen269
\caption@rightmargin=\dimen270
\caption@width=\dimen271
\caption@indent=\dimen272
\caption@parindent=\dimen273
\caption@hangindent=\dimen274
Package caption Info: Standard document class detected.
)
\c@caption@flags=\count326
\c@continuedfloat=\count327
Package caption Info: float package is loaded.
Package caption Info: hyperref package is loaded.
) (d:/texlive/2024/texmf-dist/tex/latex/enumitem/enumitem.sty
Package: enumitem 2019/06/20 v3.9 Customized lists
\labelindent=\skip67
\enit@outerparindent=\dimen275
\enit@toks=\toks32
\enit@inbox=\box60
\enit@count@id=\count328
\enitdp@description=\count329
) (d:/texlive/2024/texmf-dist/tex/latex/fancyhdr/fancyhdr.sty
Package: fancyhdr 2022/11/09 v4.1 Extensive control of page headers and footers
\f@nch@headwidth=\skip68
\f@nch@O@elh=\skip69
\f@nch@O@erh=\skip70
\f@nch@O@olh=\skip71
\f@nch@O@orh=\skip72
\f@nch@O@elf=\skip73
\f@nch@O@erf=\skip74
\f@nch@O@olf=\skip75
\f@nch@O@orf=\skip76
) (d:/texlive/2024/texmf-dist/tex/latex/titlesec/titlesec.sty
Package: titlesec 2023/10/27 v2.16 Sectioning titles
\ttl@box=\box61
\beforetitleunit=\skip77
\aftertitleunit=\skip78
\ttl@plus=\dimen276
\ttl@minus=\dimen277
\ttl@toksa=\toks33
\titlewidth=\dimen278
\titlewidthlast=\dimen279
\titlewidthfirst=\dimen280
) (d:/texlive/2024/texmf-dist/tex/latex/pgf/frontendlayer/tikz.sty (d:/texlive/2024/texmf-dist/tex/latex/pgf/basiclayer/pgf.sty (d:/texlive/2024/texmf-dist/tex/latex/pgf/utilities/pgfrcs.sty (d:/texlive/2024/texmf-dist/tex/generic/pgf/utilities/pgfutil-common.tex
\pgfutil@everybye=\toks34
\pgfutil@tempdima=\dimen281
\pgfutil@tempdimb=\dimen282
) (d:/texlive/2024/texmf-dist/tex/generic/pgf/utilities/pgfutil-latex.def
\pgfutil@abb=\box62
) (d:/texlive/2024/texmf-dist/tex/generic/pgf/utilities/pgfrcs.code.tex (d:/texlive/2024/texmf-dist/tex/generic/pgf/pgf.revision.tex)
Package: pgfrcs 2023-01-15 v3.1.10 (3.1.10)
))
Package: pgf 2023-01-15 v3.1.10 (3.1.10)
 (d:/texlive/2024/texmf-dist/tex/latex/pgf/basiclayer/pgfcore.sty (d:/texlive/2024/texmf-dist/tex/latex/pgf/systemlayer/pgfsys.sty (d:/texlive/2024/texmf-dist/tex/generic/pgf/systemlayer/pgfsys.code.tex
Package: pgfsys 2023-01-15 v3.1.10 (3.1.10)
 (d:/texlive/2024/texmf-dist/tex/generic/pgf/utilities/pgfkeys.code.tex
\pgfkeys@pathtoks=\toks35
\pgfkeys@temptoks=\toks36
 (d:/texlive/2024/texmf-dist/tex/generic/pgf/utilities/pgfkeyslibraryfiltered.code.tex
\pgfkeys@tmptoks=\toks37
))
\pgf@x=\dimen283
\pgf@y=\dimen284
\pgf@xa=\dimen285
\pgf@ya=\dimen286
\pgf@xb=\dimen287
\pgf@yb=\dimen288
\pgf@xc=\dimen289
\pgf@yc=\dimen290
\pgf@xd=\dimen291
\pgf@yd=\dimen292
\w@pgf@writea=\write3
\r@pgf@reada=\read2
\c@pgf@counta=\count330
\c@pgf@countb=\count331
\c@pgf@countc=\count332
\c@pgf@countd=\count333
\t@pgf@toka=\toks38
\t@pgf@tokb=\toks39
\t@pgf@tokc=\toks40
\pgf@sys@id@count=\count334
 (d:/texlive/2024/texmf-dist/tex/generic/pgf/systemlayer/pgf.cfg
File: pgf.cfg 2023-01-15 v3.1.10 (3.1.10)
)
Driver file for pgf: pgfsys-xetex.def
 (d:/texlive/2024/texmf-dist/tex/generic/pgf/systemlayer/pgfsys-xetex.def
File: pgfsys-xetex.def 2023-01-15 v3.1.10 (3.1.10)
 (d:/texlive/2024/texmf-dist/tex/generic/pgf/systemlayer/pgfsys-dvipdfmx.def
File: pgfsys-dvipdfmx.def 2023-01-15 v3.1.10 (3.1.10)
 (d:/texlive/2024/texmf-dist/tex/generic/pgf/systemlayer/pgfsys-common-pdf.def
File: pgfsys-common-pdf.def 2023-01-15 v3.1.10 (3.1.10)
)
\pgfsys@objnum=\count335
))) (d:/texlive/2024/texmf-dist/tex/generic/pgf/systemlayer/pgfsyssoftpath.code.tex
File: pgfsyssoftpath.code.tex 2023-01-15 v3.1.10 (3.1.10)
\pgfsyssoftpath@smallbuffer@items=\count336
\pgfsyssoftpath@bigbuffer@items=\count337
) (d:/texlive/2024/texmf-dist/tex/generic/pgf/systemlayer/pgfsysprotocol.code.tex
File: pgfsysprotocol.code.tex 2023-01-15 v3.1.10 (3.1.10)
)) (d:/texlive/2024/texmf-dist/tex/latex/xcolor/xcolor.sty
Package: xcolor 2023/11/15 v3.01 LaTeX color extensions (UK)
 (d:/texlive/2024/texmf-dist/tex/latex/graphics-cfg/color.cfg
File: color.cfg 2016/01/02 v1.6 sample color configuration
)
Package xcolor Info: Driver file: xetex.def on input line 274.
 (d:/texlive/2024/texmf-dist/tex/latex/graphics/mathcolor.ltx)
Package xcolor Info: Model `cmy' substituted by `cmy0' on input line 1350.
Package xcolor Info: Model `RGB' extended on input line 1366.
Package xcolor Info: Model `HTML' substituted by `rgb' on input line 1368.
Package xcolor Info: Model `Hsb' substituted by `hsb' on input line 1369.
Package xcolor Info: Model `tHsb' substituted by `hsb' on input line 1370.
Package xcolor Info: Model `HSB' substituted by `hsb' on input line 1371.
Package xcolor Info: Model `Gray' substituted by `gray' on input line 1372.
Package xcolor Info: Model `wave' substituted by `hsb' on input line 1373.
) (d:/texlive/2024/texmf-dist/tex/generic/pgf/basiclayer/pgfcore.code.tex
Package: pgfcore 2023-01-15 v3.1.10 (3.1.10)
 (d:/texlive/2024/texmf-dist/tex/generic/pgf/math/pgfmath.code.tex (d:/texlive/2024/texmf-dist/tex/generic/pgf/math/pgfmathutil.code.tex) (d:/texlive/2024/texmf-dist/tex/generic/pgf/math/pgfmathparser.code.tex
\pgfmath@dimen=\dimen293
\pgfmath@count=\count338
\pgfmath@box=\box63
\pgfmath@toks=\toks41
\pgfmath@stack@operand=\toks42
\pgfmath@stack@operation=\toks43
) (d:/texlive/2024/texmf-dist/tex/generic/pgf/math/pgfmathfunctions.code.tex) (d:/texlive/2024/texmf-dist/tex/generic/pgf/math/pgfmathfunctions.basic.code.tex) (d:/texlive/2024/texmf-dist/tex/generic/pgf/math/pgfmathfunctions.trigonometric.code.tex) (d:/texlive/2024/texmf-dist/tex/generic/pgf/math/pgfmathfunctions.random.code.tex) (d:/texlive/2024/texmf-dist/tex/generic/pgf/math/pgfmathfunctions.comparison.code.tex) (d:/texlive/2024/texmf-dist/tex/generic/pgf/math/pgfmathfunctions.base.code.tex) (d:/texlive/2024/texmf-dist/tex/generic/pgf/math/pgfmathfunctions.round.code.tex) (d:/texlive/2024/texmf-dist/tex/generic/pgf/math/pgfmathfunctions.misc.code.tex) (d:/texlive/2024/texmf-dist/tex/generic/pgf/math/pgfmathfunctions.integerarithmetics.code.tex) (d:/texlive/2024/texmf-dist/tex/generic/pgf/math/pgfmathcalc.code.tex) (d:/texlive/2024/texmf-dist/tex/generic/pgf/math/pgfmathfloat.code.tex
\c@pgfmathroundto@lastzeros=\count339
)) (d:/texlive/2024/texmf-dist/tex/generic/pgf/math/pgfint.code.tex) (d:/texlive/2024/texmf-dist/tex/generic/pgf/basiclayer/pgfcorepoints.code.tex
File: pgfcorepoints.code.tex 2023-01-15 v3.1.10 (3.1.10)
\pgf@picminx=\dimen294
\pgf@picmaxx=\dimen295
\pgf@picminy=\dimen296
\pgf@picmaxy=\dimen297
\pgf@pathminx=\dimen298
\pgf@pathmaxx=\dimen299
\pgf@pathminy=\dimen300
\pgf@pathmaxy=\dimen301
\pgf@xx=\dimen302
\pgf@xy=\dimen303
\pgf@yx=\dimen304
\pgf@yy=\dimen305
\pgf@zx=\dimen306
\pgf@zy=\dimen307
) (d:/texlive/2024/texmf-dist/tex/generic/pgf/basiclayer/pgfcorepathconstruct.code.tex
File: pgfcorepathconstruct.code.tex 2023-01-15 v3.1.10 (3.1.10)
\pgf@path@lastx=\dimen308
\pgf@path@lasty=\dimen309
) (d:/texlive/2024/texmf-dist/tex/generic/pgf/basiclayer/pgfcorepathusage.code.tex
File: pgfcorepathusage.code.tex 2023-01-15 v3.1.10 (3.1.10)
\pgf@shorten@end@additional=\dimen310
\pgf@shorten@start@additional=\dimen311
) (d:/texlive/2024/texmf-dist/tex/generic/pgf/basiclayer/pgfcorescopes.code.tex
File: pgfcorescopes.code.tex 2023-01-15 v3.1.10 (3.1.10)
\pgfpic=\box64
\pgf@hbox=\box65
\pgf@layerbox@main=\box66
\pgf@picture@serial@count=\count340
) (d:/texlive/2024/texmf-dist/tex/generic/pgf/basiclayer/pgfcoregraphicstate.code.tex
File: pgfcoregraphicstate.code.tex 2023-01-15 v3.1.10 (3.1.10)
\pgflinewidth=\dimen312
) (d:/texlive/2024/texmf-dist/tex/generic/pgf/basiclayer/pgfcoretransformations.code.tex
File: pgfcoretransformations.code.tex 2023-01-15 v3.1.10 (3.1.10)
\pgf@pt@x=\dimen313
\pgf@pt@y=\dimen314
\pgf@pt@temp=\dimen315
) (d:/texlive/2024/texmf-dist/tex/generic/pgf/basiclayer/pgfcorequick.code.tex
File: pgfcorequick.code.tex 2023-01-15 v3.1.10 (3.1.10)
) (d:/texlive/2024/texmf-dist/tex/generic/pgf/basiclayer/pgfcoreobjects.code.tex
File: pgfcoreobjects.code.tex 2023-01-15 v3.1.10 (3.1.10)
) (d:/texlive/2024/texmf-dist/tex/generic/pgf/basiclayer/pgfcorepathprocessing.code.tex
File: pgfcorepathprocessing.code.tex 2023-01-15 v3.1.10 (3.1.10)
) (d:/texlive/2024/texmf-dist/tex/generic/pgf/basiclayer/pgfcorearrows.code.tex
File: pgfcorearrows.code.tex 2023-01-15 v3.1.10 (3.1.10)
\pgfarrowsep=\dimen316
) (d:/texlive/2024/texmf-dist/tex/generic/pgf/basiclayer/pgfcoreshade.code.tex
File: pgfcoreshade.code.tex 2023-01-15 v3.1.10 (3.1.10)
\pgf@max=\dimen317
\pgf@sys@shading@range@num=\count341
\pgf@shadingcount=\count342
) (d:/texlive/2024/texmf-dist/tex/generic/pgf/basiclayer/pgfcoreimage.code.tex
File: pgfcoreimage.code.tex 2023-01-15 v3.1.10 (3.1.10)
) (d:/texlive/2024/texmf-dist/tex/generic/pgf/basiclayer/pgfcoreexternal.code.tex
File: pgfcoreexternal.code.tex 2023-01-15 v3.1.10 (3.1.10)
\pgfexternal@startupbox=\box67
) (d:/texlive/2024/texmf-dist/tex/generic/pgf/basiclayer/pgfcorelayers.code.tex
File: pgfcorelayers.code.tex 2023-01-15 v3.1.10 (3.1.10)
) (d:/texlive/2024/texmf-dist/tex/generic/pgf/basiclayer/pgfcoretransparency.code.tex
File: pgfcoretransparency.code.tex 2023-01-15 v3.1.10 (3.1.10)
) (d:/texlive/2024/texmf-dist/tex/generic/pgf/basiclayer/pgfcorepatterns.code.tex
File: pgfcorepatterns.code.tex 2023-01-15 v3.1.10 (3.1.10)
) (d:/texlive/2024/texmf-dist/tex/generic/pgf/basiclayer/pgfcorerdf.code.tex
File: pgfcorerdf.code.tex 2023-01-15 v3.1.10 (3.1.10)
))) (d:/texlive/2024/texmf-dist/tex/generic/pgf/modules/pgfmoduleshapes.code.tex
File: pgfmoduleshapes.code.tex 2023-01-15 v3.1.10 (3.1.10)
\pgfnodeparttextbox=\box68
) (d:/texlive/2024/texmf-dist/tex/generic/pgf/modules/pgfmoduleplot.code.tex
File: pgfmoduleplot.code.tex 2023-01-15 v3.1.10 (3.1.10)
) (d:/texlive/2024/texmf-dist/tex/latex/pgf/compatibility/pgfcomp-version-0-65.sty
Package: pgfcomp-version-0-65 2023-01-15 v3.1.10 (3.1.10)
\pgf@nodesepstart=\dimen318
\pgf@nodesepend=\dimen319
) (d:/texlive/2024/texmf-dist/tex/latex/pgf/compatibility/pgfcomp-version-1-18.sty
Package: pgfcomp-version-1-18 2023-01-15 v3.1.10 (3.1.10)
)) (d:/texlive/2024/texmf-dist/tex/latex/pgf/utilities/pgffor.sty (d:/texlive/2024/texmf-dist/tex/latex/pgf/utilities/pgfkeys.sty (d:/texlive/2024/texmf-dist/tex/generic/pgf/utilities/pgfkeys.code.tex)) (d:/texlive/2024/texmf-dist/tex/latex/pgf/math/pgfmath.sty (d:/texlive/2024/texmf-dist/tex/generic/pgf/math/pgfmath.code.tex)) (d:/texlive/2024/texmf-dist/tex/generic/pgf/utilities/pgffor.code.tex
Package: pgffor 2023-01-15 v3.1.10 (3.1.10)
\pgffor@iter=\dimen320
\pgffor@skip=\dimen321
\pgffor@stack=\toks44
\pgffor@toks=\toks45
)) (d:/texlive/2024/texmf-dist/tex/generic/pgf/frontendlayer/tikz/tikz.code.tex
Package: tikz 2023-01-15 v3.1.10 (3.1.10)
 (d:/texlive/2024/texmf-dist/tex/generic/pgf/libraries/pgflibraryplothandlers.code.tex
File: pgflibraryplothandlers.code.tex 2023-01-15 v3.1.10 (3.1.10)
\pgf@plot@mark@count=\count343
\pgfplotmarksize=\dimen322
)
\tikz@lastx=\dimen323
\tikz@lasty=\dimen324
\tikz@lastxsaved=\dimen325
\tikz@lastysaved=\dimen326
\tikz@lastmovetox=\dimen327
\tikz@lastmovetoy=\dimen328
\tikzleveldistance=\dimen329
\tikzsiblingdistance=\dimen330
\tikz@figbox=\box69
\tikz@figbox@bg=\box70
\tikz@tempbox=\box71
\tikz@tempbox@bg=\box72
\tikztreelevel=\count344
\tikznumberofchildren=\count345
\tikznumberofcurrentchild=\count346
\tikz@fig@count=\count347
 (d:/texlive/2024/texmf-dist/tex/generic/pgf/modules/pgfmodulematrix.code.tex
File: pgfmodulematrix.code.tex 2023-01-15 v3.1.10 (3.1.10)
\pgfmatrixcurrentrow=\count348
\pgfmatrixcurrentcolumn=\count349
\pgf@matrix@numberofcolumns=\count350
)
\tikz@expandcount=\count351
 (d:/texlive/2024/texmf-dist/tex/generic/pgf/frontendlayer/tikz/libraries/tikzlibrarytopaths.code.tex
File: tikzlibrarytopaths.code.tex 2023-01-15 v3.1.10 (3.1.10)
))) (d:/texlive/2024/texmf-dist/tex/generic/pgf/frontendlayer/tikz/libraries/tikzlibrarypositioning.code.tex
File: tikzlibrarypositioning.code.tex 2023-01-15 v3.1.10 (3.1.10)
) (d:/texlive/2024/texmf-dist/tex/generic/pgf/frontendlayer/tikz/libraries/tikzlibrarycalc.code.tex
File: tikzlibrarycalc.code.tex 2023-01-15 v3.1.10 (3.1.10)
)
Package hyperref Info: Option `colorlinks' set `true' on input line 30.
\c@definition=\count352
\c@theorem=\count353
\c@proposition=\count354
\c@lemma=\count355
\c@corollary=\count356
\c@remark=\count357
\c@example=\count358
 (d:/texlive/2024/texmf-dist/tex/latex/tcolorbox/tcolorbox.sty
Package: tcolorbox 2024/01/10 version 6.2.0 text color boxes
 (d:/texlive/2024/texmf-dist/tex/latex/tools/verbatim.sty
Package: verbatim 2023-11-06 v1.5v LaTeX2e package for verbatim enhancements
\every@verbatim=\toks46
\verbatim@line=\toks47
\verbatim@in@stream=\read3
) (d:/texlive/2024/texmf-dist/tex/latex/environ/environ.sty
Package: environ 2014/05/04 v0.3 A new way to define environments
 (d:/texlive/2024/texmf-dist/tex/latex/trimspaces/trimspaces.sty
Package: trimspaces 2009/09/17 v1.1 Trim spaces around a token list
))
\tcb@titlebox=\box73
\tcb@upperbox=\box74
\tcb@lowerbox=\box75
\tcb@phantombox=\box76
\c@tcbbreakpart=\count359
\c@tcblayer=\count360
\c@tcolorbox@number=\count361
\l__tcobox_tmpa_box=\box77
\l__tcobox_tmpa_dim=\dimen331
\tcb@temp=\box78
\tcb@temp=\box79
\tcb@temp=\box80
\tcb@temp=\box81
) (d:/texlive/2024/texmf-dist/tex/latex/tcolorbox/tcbbreakable.code.tex
Library (tcolorbox): 'tcbbreakable.code.tex' version '6.2.0'
(d:/texlive/2024/texmf-dist/tex/latex/pdfcol/pdfcol.sty
Package: pdfcol 2022-09-21 v1.7 Handle new color stacks for pdfTeX (HO)
Package pdfcol Info: Interface disabled because of missing PDF mode of pdfTeX.
)
Package pdfcol Info: pdfTeX's color stacks are not available.
\tcb@testbox=\box82
\tcb@totalupperbox=\box83
\tcb@totallowerbox=\box84
) (d:/texlive/2024/texmf-dist/tex/latex/tcolorbox/tcbskins.code.tex
Library (tcolorbox): 'tcbskins.code.tex' version '6.2.0'
(d:/texlive/2024/texmf-dist/tex/latex/tikzfill/tikzfill.image.sty
Package: tikzfill.image 2023/08/08 v1.0.1 Image filling library for TikZ
 (d:/texlive/2024/texmf-dist/tex/latex/tikzfill/tikzfill-common.sty
Package: tikzfill-common 2023/08/08 v1.0.1 Auxiliary code for tikzfill
) (d:/texlive/2024/texmf-dist/tex/latex/tikzfill/tikzlibraryfill.image.code.tex
File: tikzlibraryfill.image.code.tex 2023/08/08 v1.0.1 Image filling library
\l__tikzfill_img_box=\box85
)) (d:/texlive/2024/texmf-dist/tex/latex/tcolorbox/tcbskinsjigsaw.code.tex
Library (tcolorbox): 'tcbskinsjigsaw.code.tex' version '6.2.0'
)) (./main.aux

LaTeX Warning: Label `eq:rss' multiply defined.


LaTeX Warning: Label `eq:mse_decomp' multiply defined.


LaTeX Warning: Label `eq:svd' multiply defined.


LaTeX Warning: Label `eq:pca' multiply defined.


LaTeX Warning: Label `eq:bayes_classifier' multiply defined.


LaTeX Warning: Label `eq:rbf' multiply defined.


LaTeX Warning: Label `eq:loglik' multiply defined.

)
\openout1 = `main.aux'.

LaTeX Font Info:    Checking defaults for OML/cmm/m/it on input line 81.
LaTeX Font Info:    ... okay on input line 81.
LaTeX Font Info:    Checking defaults for OMS/cmsy/m/n on input line 81.
LaTeX Font Info:    ... okay on input line 81.
LaTeX Font Info:    Checking defaults for OT1/cmr/m/n on input line 81.
LaTeX Font Info:    ... okay on input line 81.
LaTeX Font Info:    Checking defaults for T1/cmr/m/n on input line 81.
LaTeX Font Info:    ... okay on input line 81.
LaTeX Font Info:    Checking defaults for TS1/cmr/m/n on input line 81.
LaTeX Font Info:    ... okay on input line 81.
LaTeX Font Info:    Checking defaults for TU/lmr/m/n on input line 81.
LaTeX Font Info:    ... okay on input line 81.
LaTeX Font Info:    Checking defaults for OMX/cmex/m/n on input line 81.
LaTeX Font Info:    ... okay on input line 81.
LaTeX Font Info:    Checking defaults for U/cmr/m/n on input line 81.
LaTeX Font Info:    ... okay on input line 81.
LaTeX Font Info:    Checking defaults for PD1/pdf/m/n on input line 81.
LaTeX Font Info:    ... okay on input line 81.
LaTeX Font Info:    Checking defaults for PU/pdf/m/n on input line 81.
LaTeX Font Info:    ... okay on input line 81.

Package fontspec Info: Adjusting the maths setup (use [no-math] to avoid
(fontspec)             this).

\symlegacymaths=\mathgroup9
LaTeX Font Info:    Overwriting symbol font `legacymaths' in version `bold'
(Font)                  OT1/cmr/m/n --> OT1/cmr/bx/n on input line 81.
LaTeX Font Info:    Redeclaring math accent \acute on input line 81.
LaTeX Font Info:    Redeclaring math accent \grave on input line 81.
LaTeX Font Info:    Redeclaring math accent \ddot on input line 81.
LaTeX Font Info:    Redeclaring math accent \tilde on input line 81.
LaTeX Font Info:    Redeclaring math accent \bar on input line 81.
LaTeX Font Info:    Redeclaring math accent \breve on input line 81.
LaTeX Font Info:    Redeclaring math accent \check on input line 81.
LaTeX Font Info:    Redeclaring math accent \hat on input line 81.
LaTeX Font Info:    Redeclaring math accent \dot on input line 81.
LaTeX Font Info:    Redeclaring math accent \mathring on input line 81.
LaTeX Font Info:    Redeclaring math symbol \Gamma on input line 81.
LaTeX Font Info:    Redeclaring math symbol \Delta on input line 81.
LaTeX Font Info:    Redeclaring math symbol \Theta on input line 81.
LaTeX Font Info:    Redeclaring math symbol \Lambda on input line 81.
LaTeX Font Info:    Redeclaring math symbol \Xi on input line 81.
LaTeX Font Info:    Redeclaring math symbol \Pi on input line 81.
LaTeX Font Info:    Redeclaring math symbol \Sigma on input line 81.
LaTeX Font Info:    Redeclaring math symbol \Upsilon on input line 81.
LaTeX Font Info:    Redeclaring math symbol \Phi on input line 81.
LaTeX Font Info:    Redeclaring math symbol \Psi on input line 81.
LaTeX Font Info:    Redeclaring math symbol \Omega on input line 81.
LaTeX Font Info:    Redeclaring math symbol \mathdollar on input line 81.
LaTeX Font Info:    Redeclaring symbol font `operators' on input line 81.
LaTeX Font Info:    Encoding `OT1' has changed to `TU' for symbol font
(Font)              `operators' in the math version `normal' on input line 81.
LaTeX Font Info:    Overwriting symbol font `operators' in version `normal'
(Font)                  OT1/cmr/m/n --> TU/lmr/m/n on input line 81.
LaTeX Font Info:    Encoding `OT1' has changed to `TU' for symbol font
(Font)              `operators' in the math version `bold' on input line 81.
LaTeX Font Info:    Overwriting symbol font `operators' in version `bold'
(Font)                  OT1/cmr/bx/n --> TU/lmr/m/n on input line 81.
LaTeX Font Info:    Overwriting symbol font `operators' in version `normal'
(Font)                  TU/lmr/m/n --> TU/lmr/m/n on input line 81.
LaTeX Font Info:    Overwriting math alphabet `\mathit' in version `normal'
(Font)                  OT1/cmr/m/it --> TU/lmr/m/it on input line 81.
LaTeX Font Info:    Overwriting math alphabet `\mathbf' in version `normal'
(Font)                  OT1/cmr/bx/n --> TU/lmr/b/n on input line 81.
LaTeX Font Info:    Overwriting math alphabet `\mathsf' in version `normal'
(Font)                  OT1/cmss/m/n --> TU/lmss/m/n on input line 81.
LaTeX Font Info:    Overwriting math alphabet `\mathtt' in version `normal'
(Font)                  OT1/cmtt/m/n --> TU/lmtt/m/n on input line 81.
LaTeX Font Info:    Overwriting symbol font `operators' in version `bold'
(Font)                  TU/lmr/m/n --> TU/lmr/b/n on input line 81.
LaTeX Font Info:    Overwriting math alphabet `\mathit' in version `bold'
(Font)                  OT1/cmr/bx/it --> TU/lmr/b/it on input line 81.
LaTeX Font Info:    Overwriting math alphabet `\mathsf' in version `bold'
(Font)                  OT1/cmss/bx/n --> TU/lmss/b/n on input line 81.
LaTeX Font Info:    Overwriting math alphabet `\mathtt' in version `bold'
(Font)                  OT1/cmtt/m/n --> TU/lmtt/b/n on input line 81.

*geometry* driver: auto-detecting
*geometry* detected driver: xetex
*geometry* verbose mode - [ preamble ] result:
* driver: xetex
* paper: a4paper
* layout: <same size as paper>
* layoutoffset:(h,v)=(0.0pt,0.0pt)
* modes: twoside 
* h-part:(L,W,R)=(71.13188pt, 455.24411pt, 71.13188pt)
* v-part:(T,H,B)=(71.13188pt, 702.78308pt, 71.13188pt)
* \paperwidth=597.50787pt
* \paperheight=845.04684pt
* \textwidth=455.24411pt
* \textheight=702.78308pt
* \oddsidemargin=-1.1381pt
* \evensidemargin=-1.1381pt
* \topmargin=-33.0119pt
* \headheight=12.0pt
* \headsep=19.8738pt
* \topskip=12.0pt
* \footskip=30.0pt
* \marginparwidth=88.0pt
* \marginparsep=7.0pt
* \columnsep=10.0pt
* \skip\footins=10.8pt plus 4.0pt minus 2.0pt
* \hoffset=0.0pt
* \voffset=0.0pt
* \mag=1000
* \@twocolumnfalse
* \@twosidetrue
* \@mparswitchtrue
* \@reversemarginfalse
* (1in=72.27pt=25.4mm, 1cm=28.453pt)

Package hyperref Info: Link coloring ON on input line 81.
(./main.out) (./main.out)
\@outlinefile=\write4
\openout4 = `main.out'.

Package caption Info: Begin \AtBeginDocument code.
Package caption Info: End \AtBeginDocument code.
LaTeX Font Info:    Trying to load font information for U+msa on input line 88.
 (d:/texlive/2024/texmf-dist/tex/latex/amsfonts/umsa.fd
File: umsa.fd 2013/01/14 v3.01 AMS symbols A
)
LaTeX Font Info:    Trying to load font information for U+msb on input line 88.
 (d:/texlive/2024/texmf-dist/tex/latex/amsfonts/umsb.fd
File: umsb.fd 2013/01/14 v3.01 AMS symbols B
) [1


]

Package fancyhdr Warning: \headheight is too small (12.0pt): 
(fancyhdr)                Make it at least 14.49998pt, for example:
(fancyhdr)                \setlength{\headheight}{14.49998pt}.
(fancyhdr)                You might also make \topmargin smaller to compensate:
(fancyhdr)                \addtolength{\topmargin}{-2.49998pt}.

[2

] (./main.toc [3]

Package fancyhdr Warning: \headheight is too small (12.0pt): 
(fancyhdr)                Make it at least 14.49998pt, for example:
(fancyhdr)                \setlength{\headheight}{14.49998pt}.
(fancyhdr)                You might also make \topmargin smaller to compensate:
(fancyhdr)                \addtolength{\topmargin}{-2.49998pt}.

[4]

Package fancyhdr Warning: \headheight is too small (12.0pt): 
(fancyhdr)                Make it at least 14.49998pt, for example:
(fancyhdr)                \setlength{\headheight}{14.49998pt}.
(fancyhdr)                You might also make \topmargin smaller to compensate:
(fancyhdr)                \addtolength{\topmargin}{-2.49998pt}.

[5]

Package fancyhdr Warning: \headheight is too small (12.0pt): 
(fancyhdr)                Make it at least 14.49998pt, for example:
(fancyhdr)                \setlength{\headheight}{14.49998pt}.
(fancyhdr)                You might also make \topmargin smaller to compensate:
(fancyhdr)                \addtolength{\topmargin}{-2.49998pt}.

[6]

Package fancyhdr Warning: \headheight is too small (12.0pt): 
(fancyhdr)                Make it at least 14.49998pt, for example:
(fancyhdr)                \setlength{\headheight}{14.49998pt}.
(fancyhdr)                You might also make \topmargin smaller to compensate:
(fancyhdr)                \addtolength{\topmargin}{-2.49998pt}.

[7]

Package fancyhdr Warning: \headheight is too small (12.0pt): 
(fancyhdr)                Make it at least 14.49998pt, for example:
(fancyhdr)                \setlength{\headheight}{14.49998pt}.
(fancyhdr)                You might also make \topmargin smaller to compensate:
(fancyhdr)                \addtolength{\topmargin}{-2.49998pt}.

[8]

Package fancyhdr Warning: \headheight is too small (12.0pt): 
(fancyhdr)                Make it at least 14.49998pt, for example:
(fancyhdr)                \setlength{\headheight}{14.49998pt}.
(fancyhdr)                You might also make \topmargin smaller to compensate:
(fancyhdr)                \addtolength{\topmargin}{-2.49998pt}.

[9]

Package fancyhdr Warning: \headheight is too small (12.0pt): 
(fancyhdr)                Make it at least 14.49998pt, for example:
(fancyhdr)                \setlength{\headheight}{14.49998pt}.
(fancyhdr)                You might also make \topmargin smaller to compensate:
(fancyhdr)                \addtolength{\topmargin}{-2.49998pt}.

[10]

Package fancyhdr Warning: \headheight is too small (12.0pt): 
(fancyhdr)                Make it at least 14.49998pt, for example:
(fancyhdr)                \setlength{\headheight}{14.49998pt}.
(fancyhdr)                You might also make \topmargin smaller to compensate:
(fancyhdr)                \addtolength{\topmargin}{-2.49998pt}.

[11]

Package fancyhdr Warning: \headheight is too small (12.0pt): 
(fancyhdr)                Make it at least 14.49998pt, for example:
(fancyhdr)                \setlength{\headheight}{14.49998pt}.
(fancyhdr)                You might also make \topmargin smaller to compensate:
(fancyhdr)                \addtolength{\topmargin}{-2.49998pt}.

[12]

Package fancyhdr Warning: \headheight is too small (12.0pt): 
(fancyhdr)                Make it at least 14.49998pt, for example:
(fancyhdr)                \setlength{\headheight}{14.49998pt}.
(fancyhdr)                You might also make \topmargin smaller to compensate:
(fancyhdr)                \addtolength{\topmargin}{-2.49998pt}.

[13]

Package fancyhdr Warning: \headheight is too small (12.0pt): 
(fancyhdr)                Make it at least 14.49998pt, for example:
(fancyhdr)                \setlength{\headheight}{14.49998pt}.
(fancyhdr)                You might also make \topmargin smaller to compensate:
(fancyhdr)                \addtolength{\topmargin}{-2.49998pt}.

[14]

Package fancyhdr Warning: \headheight is too small (12.0pt): 
(fancyhdr)                Make it at least 14.49998pt, for example:
(fancyhdr)                \setlength{\headheight}{14.49998pt}.
(fancyhdr)                You might also make \topmargin smaller to compensate:
(fancyhdr)                \addtolength{\topmargin}{-2.49998pt}.

[15]

Package fancyhdr Warning: \headheight is too small (12.0pt): 
(fancyhdr)                Make it at least 14.49998pt, for example:
(fancyhdr)                \setlength{\headheight}{14.49998pt}.
(fancyhdr)                You might also make \topmargin smaller to compensate:
(fancyhdr)                \addtolength{\topmargin}{-2.49998pt}.

[16]

Package fancyhdr Warning: \headheight is too small (12.0pt): 
(fancyhdr)                Make it at least 14.49998pt, for example:
(fancyhdr)                \setlength{\headheight}{14.49998pt}.
(fancyhdr)                You might also make \topmargin smaller to compensate:
(fancyhdr)                \addtolength{\topmargin}{-2.49998pt}.

[17]

Package fancyhdr Warning: \headheight is too small (12.0pt): 
(fancyhdr)                Make it at least 14.49998pt, for example:
(fancyhdr)                \setlength{\headheight}{14.49998pt}.
(fancyhdr)                You might also make \topmargin smaller to compensate:
(fancyhdr)                \addtolength{\topmargin}{-2.49998pt}.

[18])
\tf@toc=\write5
\openout5 = `main.toc'.

 (./Chapters/ch_概率论回顾.tex

Package fancyhdr Warning: \headheight is too small (12.0pt): 
(fancyhdr)                Make it at least 14.49998pt, for example:
(fancyhdr)                \setlength{\headheight}{14.49998pt}.
(fancyhdr)                You might also make \topmargin smaller to compensate:
(fancyhdr)                \addtolength{\topmargin}{-2.49998pt}.

[19]

Package fancyhdr Warning: \headheight is too small (12.0pt): 
(fancyhdr)                Make it at least 14.49998pt, for example:
(fancyhdr)                \setlength{\headheight}{14.49998pt}.
(fancyhdr)                You might also make \topmargin smaller to compensate:
(fancyhdr)                \addtolength{\topmargin}{-2.49998pt}.

[20

] [21] [22]
第一章
[23

]

Package fancyhdr Warning: \headheight is too small (12.0pt): 
(fancyhdr)                Make it at least 14.49998pt, for example:
(fancyhdr)                \setlength{\headheight}{14.49998pt}.
(fancyhdr)                You might also make \topmargin smaller to compensate:
(fancyhdr)                \addtolength{\topmargin}{-2.49998pt}.

[24]

Package fancyhdr Warning: \headheight is too small (12.0pt): 
(fancyhdr)                Make it at least 14.49998pt, for example:
(fancyhdr)                \setlength{\headheight}{14.49998pt}.
(fancyhdr)                You might also make \topmargin smaller to compensate:
(fancyhdr)                \addtolength{\topmargin}{-2.49998pt}.

[25]) (./Chapters/ch_样本及抽样分布.tex

Package fancyhdr Warning: \headheight is too small (12.0pt): 
(fancyhdr)                Make it at least 14.49998pt, for example:
(fancyhdr)                \setlength{\headheight}{14.49998pt}.
(fancyhdr)                You might also make \topmargin smaller to compensate:
(fancyhdr)                \addtolength{\topmargin}{-2.49998pt}.

[26]
第二章

LaTeX Font Warning: Font shape `TU/SimSun(0)/b/it' undefined
(Font)              using `TU/SimSun(0)/b/n' instead on input line 29.


Overfull \hbox (69.58649pt too wide) in paragraph at lines 33--42
 [] 
 []

[27

]

Package fancyhdr Warning: \headheight is too small (12.0pt): 
(fancyhdr)                Make it at least 14.49998pt, for example:
(fancyhdr)                \setlength{\headheight}{14.49998pt}.
(fancyhdr)                You might also make \topmargin smaller to compensate:
(fancyhdr)                \addtolength{\topmargin}{-2.49998pt}.

[28]

Package fontspec Info: Could not resolve font "FangSong/BI" (it probably
(fontspec)             doesn't exist).


Package fontspec Info: Could not resolve font "FangSong/B" (it probably
(fontspec)             doesn't exist).


Package fontspec Info: Could not resolve font "FangSong/I" (it probably
(fontspec)             doesn't exist).


Package fontspec Info: Font family 'FangSong(0)' created for font 'FangSong'
(fontspec)             with options [Script={CJK}].
(fontspec)              
(fontspec)              This font family consists of the following NFSS
(fontspec)             series/shapes:
(fontspec)              
(fontspec)             - 'normal' (m/n) with NFSS spec.:
(fontspec)             <->"FangSong/OT:script=hani;language=dflt;"
(fontspec)             - 'small caps'  (m/sc) with NFSS spec.: 


Overfull \hbox (184.8677pt too wide) detected at line 164
[]\OML/cmm/m/it/12 X \OMS/cmsy/m/n/12 ^^X \OML/cmm/m/it/12 F\OT1/cmr/m/n/12 (\OML/cmm/m/it/12 x\OT1/cmr/m/n/12 ; \OML/cmm/m/it/12 ^^R\OT1/cmr/m/n/12 )\OML/cmm/m/it/12 ;  ^^V; ^^[[][]  []  []  []  []
 []


Package fancyhdr Warning: \headheight is too small (12.0pt): 
(fancyhdr)                Make it at least 14.49998pt, for example:
(fancyhdr)                \setlength{\headheight}{14.49998pt}.
(fancyhdr)                You might also make \topmargin smaller to compensate:
(fancyhdr)                \addtolength{\topmargin}{-2.49998pt}.

[29]

Package fancyhdr Warning: \headheight is too small (12.0pt): 
(fancyhdr)                Make it at least 14.49998pt, for example:
(fancyhdr)                \setlength{\headheight}{14.49998pt}.
(fancyhdr)                You might also make \topmargin smaller to compensate:
(fancyhdr)                \addtolength{\topmargin}{-2.49998pt}.

[30]

Package fancyhdr Warning: \headheight is too small (12.0pt): 
(fancyhdr)                Make it at least 14.49998pt, for example:
(fancyhdr)                \setlength{\headheight}{14.49998pt}.
(fancyhdr)                You might also make \topmargin smaller to compensate:
(fancyhdr)                \addtolength{\topmargin}{-2.49998pt}.

[31]

Package fancyhdr Warning: \headheight is too small (12.0pt): 
(fancyhdr)                Make it at least 14.49998pt, for example:
(fancyhdr)                \setlength{\headheight}{14.49998pt}.
(fancyhdr)                You might also make \topmargin smaller to compensate:
(fancyhdr)                \addtolength{\topmargin}{-2.49998pt}.

[32]

Package fontspec Info: Could not resolve font "Microsoft YaHei Bold/I" (it
(fontspec)             probably doesn't exist).


Package fontspec Info: Could not resolve font "Microsoft YaHei/I" (it probably
(fontspec)             doesn't exist).


Package fontspec Info: Font family 'MicrosoftYaHei(0)' created for font
(fontspec)             'Microsoft YaHei' with options
(fontspec)             [Script={CJK},BoldFont={* Bold}].
(fontspec)              
(fontspec)              This font family consists of the following NFSS
(fontspec)             series/shapes:
(fontspec)              
(fontspec)             - 'normal' (m/n) with NFSS spec.: <->"Microsoft
(fontspec)             YaHei/OT:script=hani;language=dflt;"
(fontspec)             - 'small caps'  (m/sc) with NFSS spec.: 
(fontspec)             - 'bold' (b/n) with NFSS spec.: <->"Microsoft YaHei
(fontspec)             Bold/OT:script=hani;language=dflt;"
(fontspec)             - 'bold small caps'  (b/sc) with NFSS spec.: 
(fontspec)             - 'bold italic' (b/it) with NFSS spec.: <->"Microsoft
(fontspec)             YaHei/BI/OT:script=hani;language=dflt;"
(fontspec)             - 'bold italic small caps'  (b/scit) with NFSS spec.: 



Package fancyhdr Warning: \headheight is too small (12.0pt): 
(fancyhdr)                Make it at least 14.49998pt, for example:
(fancyhdr)                \setlength{\headheight}{14.49998pt}.
(fancyhdr)                You might also make \topmargin smaller to compensate:
(fancyhdr)                \addtolength{\topmargin}{-2.49998pt}.

[33]

Package hyperref Warning: Token not allowed in a PDF string (Unicode):
(hyperref)                removing `math shift' on input line 467.


Package hyperref Warning: Token not allowed in a PDF string (Unicode):
(hyperref)                removing `\chi' on input line 467.


Package hyperref Warning: Token not allowed in a PDF string (Unicode):
(hyperref)                removing `superscript' on input line 467.


Package hyperref Warning: Token not allowed in a PDF string (Unicode):
(hyperref)                removing `math shift' on input line 467.


Package fancyhdr Warning: \headheight is too small (12.0pt): 
(fancyhdr)                Make it at least 14.49998pt, for example:
(fancyhdr)                \setlength{\headheight}{14.49998pt}.
(fancyhdr)                You might also make \topmargin smaller to compensate:
(fancyhdr)                \addtolength{\topmargin}{-2.49998pt}.

[34]

Package fancyhdr Warning: \headheight is too small (12.0pt): 
(fancyhdr)                Make it at least 14.49998pt, for example:
(fancyhdr)                \setlength{\headheight}{14.49998pt}.
(fancyhdr)                You might also make \topmargin smaller to compensate:
(fancyhdr)                \addtolength{\topmargin}{-2.49998pt}.

[35]
Overfull \hbox (13.11673pt too wide) detected at line 569
[] [] [] [] [] \OMS/cmsy/m/n/12 ^^X \OML/cmm/m/it/12 ^^_[]\OT1/cmr/m/n/12 (\OML/cmm/m/it/12 n \OMS/cmsy/m/n/12 ^^@ \OT1/cmr/m/n/12 1)
 []


Package fancyhdr Warning: \headheight is too small (12.0pt): 
(fancyhdr)                Make it at least 14.49998pt, for example:
(fancyhdr)                \setlength{\headheight}{14.49998pt}.
(fancyhdr)                You might also make \topmargin smaller to compensate:
(fancyhdr)                \addtolength{\topmargin}{-2.49998pt}.

[36]
Overfull \hbox (52.03781pt too wide) detected at line 630
[]
 []


Package fancyhdr Warning: \headheight is too small (12.0pt): 
(fancyhdr)                Make it at least 14.49998pt, for example:
(fancyhdr)                \setlength{\headheight}{14.49998pt}.
(fancyhdr)                You might also make \topmargin smaller to compensate:
(fancyhdr)                \addtolength{\topmargin}{-2.49998pt}.

[37]

Package fancyhdr Warning: \headheight is too small (12.0pt): 
(fancyhdr)                Make it at least 14.49998pt, for example:
(fancyhdr)                \setlength{\headheight}{14.49998pt}.
(fancyhdr)                You might also make \topmargin smaller to compensate:
(fancyhdr)                \addtolength{\topmargin}{-2.49998pt}.

[38]

Package fancyhdr Warning: \headheight is too small (12.0pt): 
(fancyhdr)                Make it at least 14.49998pt, for example:
(fancyhdr)                \setlength{\headheight}{14.49998pt}.
(fancyhdr)                You might also make \topmargin smaller to compensate:
(fancyhdr)                \addtolength{\topmargin}{-2.49998pt}.

[39]

Package fancyhdr Warning: \headheight is too small (12.0pt): 
(fancyhdr)                Make it at least 14.49998pt, for example:
(fancyhdr)                \setlength{\headheight}{14.49998pt}.
(fancyhdr)                You might also make \topmargin smaller to compensate:
(fancyhdr)                \addtolength{\topmargin}{-2.49998pt}.

[40]

Package hyperref Warning: Token not allowed in a PDF string (Unicode):
(hyperref)                removing `math shift' on input line 881.


Package hyperref Warning: Token not allowed in a PDF string (Unicode):
(hyperref)                removing `math shift' on input line 881.


Package fancyhdr Warning: \headheight is too small (12.0pt): 
(fancyhdr)                Make it at least 14.49998pt, for example:
(fancyhdr)                \setlength{\headheight}{14.49998pt}.
(fancyhdr)                You might also make \topmargin smaller to compensate:
(fancyhdr)                \addtolength{\topmargin}{-2.49998pt}.

[41]

Package fancyhdr Warning: \headheight is too small (12.0pt): 
(fancyhdr)                Make it at least 14.49998pt, for example:
(fancyhdr)                \setlength{\headheight}{14.49998pt}.
(fancyhdr)                You might also make \topmargin smaller to compensate:
(fancyhdr)                \addtolength{\topmargin}{-2.49998pt}.

[42]

Package fancyhdr Warning: \headheight is too small (12.0pt): 
(fancyhdr)                Make it at least 14.49998pt, for example:
(fancyhdr)                \setlength{\headheight}{14.49998pt}.
(fancyhdr)                You might also make \topmargin smaller to compensate:
(fancyhdr)                \addtolength{\topmargin}{-2.49998pt}.

[43]

Package fancyhdr Warning: \headheight is too small (12.0pt): 
(fancyhdr)                Make it at least 14.49998pt, for example:
(fancyhdr)                \setlength{\headheight}{14.49998pt}.
(fancyhdr)                You might also make \topmargin smaller to compensate:
(fancyhdr)                \addtolength{\topmargin}{-2.49998pt}.

[44]

Package fancyhdr Warning: \headheight is too small (12.0pt): 
(fancyhdr)                Make it at least 14.49998pt, for example:
(fancyhdr)                \setlength{\headheight}{14.49998pt}.
(fancyhdr)                You might also make \topmargin smaller to compensate:
(fancyhdr)                \addtolength{\topmargin}{-2.49998pt}.

[45]
Overfull \hbox (120.92581pt too wide) in paragraph at lines 1164--1173
 [] 
 []


Package fancyhdr Warning: \headheight is too small (12.0pt): 
(fancyhdr)                Make it at least 14.49998pt, for example:
(fancyhdr)                \setlength{\headheight}{14.49998pt}.
(fancyhdr)                You might also make \topmargin smaller to compensate:
(fancyhdr)                \addtolength{\topmargin}{-2.49998pt}.

[46]
Overfull \hbox (58.39903pt too wide) in paragraph at lines 1274--1275
 [][] 
 []


Overfull \hbox (34.36542pt too wide) in paragraph at lines 1295--1305
 [] 
 []


Package fancyhdr Warning: \headheight is too small (12.0pt): 
(fancyhdr)                Make it at least 14.49998pt, for example:
(fancyhdr)                \setlength{\headheight}{14.49998pt}.
(fancyhdr)                You might also make \topmargin smaller to compensate:
(fancyhdr)                \addtolength{\topmargin}{-2.49998pt}.

[47]

Package fancyhdr Warning: \headheight is too small (12.0pt): 
(fancyhdr)                Make it at least 14.49998pt, for example:
(fancyhdr)                \setlength{\headheight}{14.49998pt}.
(fancyhdr)                You might also make \topmargin smaller to compensate:
(fancyhdr)                \addtolength{\topmargin}{-2.49998pt}.

[48]

Package hyperref Warning: Token not allowed in a PDF string (Unicode):
(hyperref)                removing `math shift' on input line 1337.


Package hyperref Warning: Token not allowed in a PDF string (Unicode):
(hyperref)                removing `math shift' on input line 1337.


Package fancyhdr Warning: \headheight is too small (12.0pt): 
(fancyhdr)                Make it at least 14.49998pt, for example:
(fancyhdr)                \setlength{\headheight}{14.49998pt}.
(fancyhdr)                You might also make \topmargin smaller to compensate:
(fancyhdr)                \addtolength{\topmargin}{-2.49998pt}.

[49]

Package fancyhdr Warning: \headheight is too small (12.0pt): 
(fancyhdr)                Make it at least 14.49998pt, for example:
(fancyhdr)                \setlength{\headheight}{14.49998pt}.
(fancyhdr)                You might also make \topmargin smaller to compensate:
(fancyhdr)                \addtolength{\topmargin}{-2.49998pt}.

[50]

Package fancyhdr Warning: \headheight is too small (12.0pt): 
(fancyhdr)                Make it at least 14.49998pt, for example:
(fancyhdr)                \setlength{\headheight}{14.49998pt}.
(fancyhdr)                You might also make \topmargin smaller to compensate:
(fancyhdr)                \addtolength{\topmargin}{-2.49998pt}.

[51]

Package fancyhdr Warning: \headheight is too small (12.0pt): 
(fancyhdr)                Make it at least 14.49998pt, for example:
(fancyhdr)                \setlength{\headheight}{14.49998pt}.
(fancyhdr)                You might also make \topmargin smaller to compensate:
(fancyhdr)                \addtolength{\topmargin}{-2.49998pt}.

[52]
Overfull \hbox (132.15909pt too wide) in paragraph at lines 1572--1592
 [] 
 []


Package fancyhdr Warning: \headheight is too small (12.0pt): 
(fancyhdr)                Make it at least 14.49998pt, for example:
(fancyhdr)                \setlength{\headheight}{14.49998pt}.
(fancyhdr)                You might also make \topmargin smaller to compensate:
(fancyhdr)                \addtolength{\topmargin}{-2.49998pt}.

[53]

Package fancyhdr Warning: \headheight is too small (12.0pt): 
(fancyhdr)                Make it at least 14.49998pt, for example:
(fancyhdr)                \setlength{\headheight}{14.49998pt}.
(fancyhdr)                You might also make \topmargin smaller to compensate:
(fancyhdr)                \addtolength{\topmargin}{-2.49998pt}.

[54]
Overfull \hbox (51.171pt too wide) in paragraph at lines 1691--1694
[]\TU/SimSun(0)/m/n/12 当 $\OML/cmm/m/it/12 ^^[[] \OT1/cmr/m/n/12 = \OML/cmm/m/it/12 ^^[[] \OT1/cmr/m/n/12 = \OML/cmm/m/it/12 ^^[[]$ \TU/SimSun(0)/m/n/12 时，| $[] \OMS/cmsy/m/n/12 ^^X \OML/cmm/m/it/12 t\OT1/cmr/m/n/12 (\OML/cmm/m/it/12 n[] \OT1/cmr/m/n/12 + \OML/cmm/m/it/12 n[] \OMS/cmsy/m/n/12 ^^@ \OT1/cmr/m/n/12 2)$\TU/SimSun(0)/m/n/12 ，|  其 中 $\OML/cmm/m/it/12 S[] \OT1/cmr/m/n/12 = []$\TU/SimSun(0)/m/n/12 ；| 
 []

) (./Chapters/ch_参数估计.tex

Package fancyhdr Warning: \headheight is too small (12.0pt): 
(fancyhdr)                Make it at least 14.49998pt, for example:
(fancyhdr)                \setlength{\headheight}{14.49998pt}.
(fancyhdr)                You might also make \topmargin smaller to compensate:
(fancyhdr)                \addtolength{\topmargin}{-2.49998pt}.

[55]

Package fancyhdr Warning: \headheight is too small (12.0pt): 
(fancyhdr)                Make it at least 14.49998pt, for example:
(fancyhdr)                \setlength{\headheight}{14.49998pt}.
(fancyhdr)                You might also make \topmargin smaller to compensate:
(fancyhdr)                \addtolength{\topmargin}{-2.49998pt}.

[56

]
第三章
[57]
Overfull \hbox (9.44028pt too wide) in paragraph at lines 104--113
 [] 
 []


Package fancyhdr Warning: \headheight is too small (12.0pt): 
(fancyhdr)                Make it at least 14.49998pt, for example:
(fancyhdr)                \setlength{\headheight}{14.49998pt}.
(fancyhdr)                You might also make \topmargin smaller to compensate:
(fancyhdr)                \addtolength{\topmargin}{-2.49998pt}.

[58]

Package fancyhdr Warning: \headheight is too small (12.0pt): 
(fancyhdr)                Make it at least 14.49998pt, for example:
(fancyhdr)                \setlength{\headheight}{14.49998pt}.
(fancyhdr)                You might also make \topmargin smaller to compensate:
(fancyhdr)                \addtolength{\topmargin}{-2.49998pt}.

[59]

Package fancyhdr Warning: \headheight is too small (12.0pt): 
(fancyhdr)                Make it at least 14.49998pt, for example:
(fancyhdr)                \setlength{\headheight}{14.49998pt}.
(fancyhdr)                You might also make \topmargin smaller to compensate:
(fancyhdr)                \addtolength{\topmargin}{-2.49998pt}.

[60]

Package fancyhdr Warning: \headheight is too small (12.0pt): 
(fancyhdr)                Make it at least 14.49998pt, for example:
(fancyhdr)                \setlength{\headheight}{14.49998pt}.
(fancyhdr)                You might also make \topmargin smaller to compensate:
(fancyhdr)                \addtolength{\topmargin}{-2.49998pt}.

[61]

Package fancyhdr Warning: \headheight is too small (12.0pt): 
(fancyhdr)                Make it at least 14.49998pt, for example:
(fancyhdr)                \setlength{\headheight}{14.49998pt}.
(fancyhdr)                You might also make \topmargin smaller to compensate:
(fancyhdr)                \addtolength{\topmargin}{-2.49998pt}.

[62]

Package fancyhdr Warning: \headheight is too small (12.0pt): 
(fancyhdr)                Make it at least 14.49998pt, for example:
(fancyhdr)                \setlength{\headheight}{14.49998pt}.
(fancyhdr)                You might also make \topmargin smaller to compensate:
(fancyhdr)                \addtolength{\topmargin}{-2.49998pt}.

[63]
Overfull \hbox (136.15291pt too wide) in paragraph at lines 420--437
 [] 
 []


Package fancyhdr Warning: \headheight is too small (12.0pt): 
(fancyhdr)                Make it at least 14.49998pt, for example:
(fancyhdr)                \setlength{\headheight}{14.49998pt}.
(fancyhdr)                You might also make \topmargin smaller to compensate:
(fancyhdr)                \addtolength{\topmargin}{-2.49998pt}.

[64]

Package fancyhdr Warning: \headheight is too small (12.0pt): 
(fancyhdr)                Make it at least 14.49998pt, for example:
(fancyhdr)                \setlength{\headheight}{14.49998pt}.
(fancyhdr)                You might also make \topmargin smaller to compensate:
(fancyhdr)                \addtolength{\topmargin}{-2.49998pt}.

[65]

Package fancyhdr Warning: \headheight is too small (12.0pt): 
(fancyhdr)                Make it at least 14.49998pt, for example:
(fancyhdr)                \setlength{\headheight}{14.49998pt}.
(fancyhdr)                You might also make \topmargin smaller to compensate:
(fancyhdr)                \addtolength{\topmargin}{-2.49998pt}.

[66]

Package fancyhdr Warning: \headheight is too small (12.0pt): 
(fancyhdr)                Make it at least 14.49998pt, for example:
(fancyhdr)                \setlength{\headheight}{14.49998pt}.
(fancyhdr)                You might also make \topmargin smaller to compensate:
(fancyhdr)                \addtolength{\topmargin}{-2.49998pt}.

[67]

Package fancyhdr Warning: \headheight is too small (12.0pt): 
(fancyhdr)                Make it at least 14.49998pt, for example:
(fancyhdr)                \setlength{\headheight}{14.49998pt}.
(fancyhdr)                You might also make \topmargin smaller to compensate:
(fancyhdr)                \addtolength{\topmargin}{-2.49998pt}.

[68]

Package fancyhdr Warning: \headheight is too small (12.0pt): 
(fancyhdr)                Make it at least 14.49998pt, for example:
(fancyhdr)                \setlength{\headheight}{14.49998pt}.
(fancyhdr)                You might also make \topmargin smaller to compensate:
(fancyhdr)                \addtolength{\topmargin}{-2.49998pt}.

[69]) (./Chapters/ch_假设检验.tex

Package fancyhdr Warning: \headheight is too small (12.0pt): 
(fancyhdr)                Make it at least 14.49998pt, for example:
(fancyhdr)                \setlength{\headheight}{14.49998pt}.
(fancyhdr)                You might also make \topmargin smaller to compensate:
(fancyhdr)                \addtolength{\topmargin}{-2.49998pt}.

[70]
第四章
[71

]

Package fancyhdr Warning: \headheight is too small (12.0pt): 
(fancyhdr)                Make it at least 14.49998pt, for example:
(fancyhdr)                \setlength{\headheight}{14.49998pt}.
(fancyhdr)                You might also make \topmargin smaller to compensate:
(fancyhdr)                \addtolength{\topmargin}{-2.49998pt}.

[72]

Package hyperref Warning: Token not allowed in a PDF string (Unicode):
(hyperref)                removing `math shift' on input line 160.


Package hyperref Warning: Token not allowed in a PDF string (Unicode):
(hyperref)                removing `math shift' on input line 160.


Package fancyhdr Warning: \headheight is too small (12.0pt): 
(fancyhdr)                Make it at least 14.49998pt, for example:
(fancyhdr)                \setlength{\headheight}{14.49998pt}.
(fancyhdr)                You might also make \topmargin smaller to compensate:
(fancyhdr)                \addtolength{\topmargin}{-2.49998pt}.

[73]

Package hyperref Warning: Token not allowed in a PDF string (Unicode):
(hyperref)                removing `math shift' on input line 174.


Package hyperref Warning: Token not allowed in a PDF string (Unicode):
(hyperref)                removing `\chi' on input line 174.


Package hyperref Warning: Token not allowed in a PDF string (Unicode):
(hyperref)                removing `superscript' on input line 174.


Package hyperref Warning: Token not allowed in a PDF string (Unicode):
(hyperref)                removing `math shift' on input line 174.


Package hyperref Warning: Token not allowed in a PDF string (Unicode):
(hyperref)                removing `math shift' on input line 195.


Package hyperref Warning: Token not allowed in a PDF string (Unicode):
(hyperref)                removing `math shift' on input line 195.


Package fancyhdr Warning: \headheight is too small (12.0pt): 
(fancyhdr)                Make it at least 14.49998pt, for example:
(fancyhdr)                \setlength{\headheight}{14.49998pt}.
(fancyhdr)                You might also make \topmargin smaller to compensate:
(fancyhdr)                \addtolength{\topmargin}{-2.49998pt}.

[74]

Package hyperref Warning: Token not allowed in a PDF string (Unicode):
(hyperref)                removing `math shift' on input line 252.


Package hyperref Warning: Token not allowed in a PDF string (Unicode):
(hyperref)                removing `math shift' on input line 252.


Package hyperref Warning: Token not allowed in a PDF string (Unicode):
(hyperref)                removing `math shift' on input line 283.


Package hyperref Warning: Token not allowed in a PDF string (Unicode):
(hyperref)                removing `math shift' on input line 283.


Package fancyhdr Warning: \headheight is too small (12.0pt): 
(fancyhdr)                Make it at least 14.49998pt, for example:
(fancyhdr)                \setlength{\headheight}{14.49998pt}.
(fancyhdr)                You might also make \topmargin smaller to compensate:
(fancyhdr)                \addtolength{\topmargin}{-2.49998pt}.

[75]

Package hyperref Warning: Token not allowed in a PDF string (Unicode):
(hyperref)                removing `math shift' on input line 301.


Package hyperref Warning: Token not allowed in a PDF string (Unicode):
(hyperref)                removing `\chi' on input line 301.


Package hyperref Warning: Token not allowed in a PDF string (Unicode):
(hyperref)                removing `superscript' on input line 301.


Package hyperref Warning: Token not allowed in a PDF string (Unicode):
(hyperref)                removing `math shift' on input line 301.


Package fancyhdr Warning: \headheight is too small (12.0pt): 
(fancyhdr)                Make it at least 14.49998pt, for example:
(fancyhdr)                \setlength{\headheight}{14.49998pt}.
(fancyhdr)                You might also make \topmargin smaller to compensate:
(fancyhdr)                \addtolength{\topmargin}{-2.49998pt}.

[76]

Package fancyhdr Warning: \headheight is too small (12.0pt): 
(fancyhdr)                Make it at least 14.49998pt, for example:
(fancyhdr)                \setlength{\headheight}{14.49998pt}.
(fancyhdr)                You might also make \topmargin smaller to compensate:
(fancyhdr)                \addtolength{\topmargin}{-2.49998pt}.

[77]

Package fancyhdr Warning: \headheight is too small (12.0pt): 
(fancyhdr)                Make it at least 14.49998pt, for example:
(fancyhdr)                \setlength{\headheight}{14.49998pt}.
(fancyhdr)                You might also make \topmargin smaller to compensate:
(fancyhdr)                \addtolength{\topmargin}{-2.49998pt}.

[78]

Package fancyhdr Warning: \headheight is too small (12.0pt): 
(fancyhdr)                Make it at least 14.49998pt, for example:
(fancyhdr)                \setlength{\headheight}{14.49998pt}.
(fancyhdr)                You might also make \topmargin smaller to compensate:
(fancyhdr)                \addtolength{\topmargin}{-2.49998pt}.

[79]

Package fancyhdr Warning: \headheight is too small (12.0pt): 
(fancyhdr)                Make it at least 14.49998pt, for example:
(fancyhdr)                \setlength{\headheight}{14.49998pt}.
(fancyhdr)                You might also make \topmargin smaller to compensate:
(fancyhdr)                \addtolength{\topmargin}{-2.49998pt}.

[80]

Package fancyhdr Warning: \headheight is too small (12.0pt): 
(fancyhdr)                Make it at least 14.49998pt, for example:
(fancyhdr)                \setlength{\headheight}{14.49998pt}.
(fancyhdr)                You might also make \topmargin smaller to compensate:
(fancyhdr)                \addtolength{\topmargin}{-2.49998pt}.

[81]

Package hyperref Warning: Token not allowed in a PDF string (Unicode):
(hyperref)                removing `math shift' on input line 651.


Package hyperref Warning: Token not allowed in a PDF string (Unicode):
(hyperref)                removing `math shift' on input line 651.


Package hyperref Warning: Token not allowed in a PDF string (Unicode):
(hyperref)                removing `math shift' on input line 653.


Package hyperref Warning: Token not allowed in a PDF string (Unicode):
(hyperref)                removing `math shift' on input line 653.


Package hyperref Warning: Token not allowed in a PDF string (Unicode):
(hyperref)                removing `math shift' on input line 668.


Package hyperref Warning: Token not allowed in a PDF string (Unicode):
(hyperref)                removing `math shift' on input line 668.


Package fancyhdr Warning: \headheight is too small (12.0pt): 
(fancyhdr)                Make it at least 14.49998pt, for example:
(fancyhdr)                \setlength{\headheight}{14.49998pt}.
(fancyhdr)                You might also make \topmargin smaller to compensate:
(fancyhdr)                \addtolength{\topmargin}{-2.49998pt}.

[82]

Package hyperref Warning: Token not allowed in a PDF string (Unicode):
(hyperref)                removing `math shift' on input line 698.


Package hyperref Warning: Token not allowed in a PDF string (Unicode):
(hyperref)                removing `math shift' on input line 698.


Package fancyhdr Warning: \headheight is too small (12.0pt): 
(fancyhdr)                Make it at least 14.49998pt, for example:
(fancyhdr)                \setlength{\headheight}{14.49998pt}.
(fancyhdr)                You might also make \topmargin smaller to compensate:
(fancyhdr)                \addtolength{\topmargin}{-2.49998pt}.

[83]

Package fancyhdr Warning: \headheight is too small (12.0pt): 
(fancyhdr)                Make it at least 14.49998pt, for example:
(fancyhdr)                \setlength{\headheight}{14.49998pt}.
(fancyhdr)                You might also make \topmargin smaller to compensate:
(fancyhdr)                \addtolength{\topmargin}{-2.49998pt}.

[84]) (./Chapters/ch_方差分析及回归分析.tex

Package fancyhdr Warning: \headheight is too small (12.0pt): 
(fancyhdr)                Make it at least 14.49998pt, for example:
(fancyhdr)                \setlength{\headheight}{14.49998pt}.
(fancyhdr)                You might also make \topmargin smaller to compensate:
(fancyhdr)                \addtolength{\topmargin}{-2.49998pt}.

[85]

Package fancyhdr Warning: \headheight is too small (12.0pt): 
(fancyhdr)                Make it at least 14.49998pt, for example:
(fancyhdr)                \setlength{\headheight}{14.49998pt}.
(fancyhdr)                You might also make \topmargin smaller to compensate:
(fancyhdr)                \addtolength{\topmargin}{-2.49998pt}.

[86

]
第五章
[87]

Package hyperref Warning: Token not allowed in a PDF string (Unicode):
(hyperref)                removing `math shift' on input line 82.


Package hyperref Warning: Token not allowed in a PDF string (Unicode):
(hyperref)                removing `math shift' on input line 82.


Package fancyhdr Warning: \headheight is too small (12.0pt): 
(fancyhdr)                Make it at least 14.49998pt, for example:
(fancyhdr)                \setlength{\headheight}{14.49998pt}.
(fancyhdr)                You might also make \topmargin smaller to compensate:
(fancyhdr)                \addtolength{\topmargin}{-2.49998pt}.

[88]

Package fancyhdr Warning: \headheight is too small (12.0pt): 
(fancyhdr)                Make it at least 14.49998pt, for example:
(fancyhdr)                \setlength{\headheight}{14.49998pt}.
(fancyhdr)                You might also make \topmargin smaller to compensate:
(fancyhdr)                \addtolength{\topmargin}{-2.49998pt}.

[89]

Package fancyhdr Warning: \headheight is too small (12.0pt): 
(fancyhdr)                Make it at least 14.49998pt, for example:
(fancyhdr)                \setlength{\headheight}{14.49998pt}.
(fancyhdr)                You might also make \topmargin smaller to compensate:
(fancyhdr)                \addtolength{\topmargin}{-2.49998pt}.

[90]

Package fancyhdr Warning: \headheight is too small (12.0pt): 
(fancyhdr)                Make it at least 14.49998pt, for example:
(fancyhdr)                \setlength{\headheight}{14.49998pt}.
(fancyhdr)                You might also make \topmargin smaller to compensate:
(fancyhdr)                \addtolength{\topmargin}{-2.49998pt}.

[91]
Overfull \hbox (22.54854pt too wide) detected at line 342
[]
 []


Package fancyhdr Warning: \headheight is too small (12.0pt): 
(fancyhdr)                Make it at least 14.49998pt, for example:
(fancyhdr)                \setlength{\headheight}{14.49998pt}.
(fancyhdr)                You might also make \topmargin smaller to compensate:
(fancyhdr)                \addtolength{\topmargin}{-2.49998pt}.

[92]

Package fancyhdr Warning: \headheight is too small (12.0pt): 
(fancyhdr)                Make it at least 14.49998pt, for example:
(fancyhdr)                \setlength{\headheight}{14.49998pt}.
(fancyhdr)                You might also make \topmargin smaller to compensate:
(fancyhdr)                \addtolength{\topmargin}{-2.49998pt}.

[93]

Package fancyhdr Warning: \headheight is too small (12.0pt): 
(fancyhdr)                Make it at least 14.49998pt, for example:
(fancyhdr)                \setlength{\headheight}{14.49998pt}.
(fancyhdr)                You might also make \topmargin smaller to compensate:
(fancyhdr)                \addtolength{\topmargin}{-2.49998pt}.

[94]

Package hyperref Warning: Token not allowed in a PDF string (Unicode):
(hyperref)                removing `math shift' on input line 461.


Package hyperref Warning: Token not allowed in a PDF string (Unicode):
(hyperref)                removing `superscript' on input line 461.


Package hyperref Warning: Token not allowed in a PDF string (Unicode):
(hyperref)                removing `math shift' on input line 461.


Package fancyhdr Warning: \headheight is too small (12.0pt): 
(fancyhdr)                Make it at least 14.49998pt, for example:
(fancyhdr)                \setlength{\headheight}{14.49998pt}.
(fancyhdr)                You might also make \topmargin smaller to compensate:
(fancyhdr)                \addtolength{\topmargin}{-2.49998pt}.

[95]

Package fancyhdr Warning: \headheight is too small (12.0pt): 
(fancyhdr)                Make it at least 14.49998pt, for example:
(fancyhdr)                \setlength{\headheight}{14.49998pt}.
(fancyhdr)                You might also make \topmargin smaller to compensate:
(fancyhdr)                \addtolength{\topmargin}{-2.49998pt}.

[96]

Package fancyhdr Warning: \headheight is too small (12.0pt): 
(fancyhdr)                Make it at least 14.49998pt, for example:
(fancyhdr)                \setlength{\headheight}{14.49998pt}.
(fancyhdr)                You might also make \topmargin smaller to compensate:
(fancyhdr)                \addtolength{\topmargin}{-2.49998pt}.

[97]

Package fancyhdr Warning: \headheight is too small (12.0pt): 
(fancyhdr)                Make it at least 14.49998pt, for example:
(fancyhdr)                \setlength{\headheight}{14.49998pt}.
(fancyhdr)                You might also make \topmargin smaller to compensate:
(fancyhdr)                \addtolength{\topmargin}{-2.49998pt}.

[98]

Package fancyhdr Warning: \headheight is too small (12.0pt): 
(fancyhdr)                Make it at least 14.49998pt, for example:
(fancyhdr)                \setlength{\headheight}{14.49998pt}.
(fancyhdr)                You might also make \topmargin smaller to compensate:
(fancyhdr)                \addtolength{\topmargin}{-2.49998pt}.

[99]

Package fancyhdr Warning: \headheight is too small (12.0pt): 
(fancyhdr)                Make it at least 14.49998pt, for example:
(fancyhdr)                \setlength{\headheight}{14.49998pt}.
(fancyhdr)                You might also make \topmargin smaller to compensate:
(fancyhdr)                \addtolength{\topmargin}{-2.49998pt}.

[100]

Package fancyhdr Warning: \headheight is too small (12.0pt): 
(fancyhdr)                Make it at least 14.49998pt, for example:
(fancyhdr)                \setlength{\headheight}{14.49998pt}.
(fancyhdr)                You might also make \topmargin smaller to compensate:
(fancyhdr)                \addtolength{\topmargin}{-2.49998pt}.

[101]

Package fancyhdr Warning: \headheight is too small (12.0pt): 
(fancyhdr)                Make it at least 14.49998pt, for example:
(fancyhdr)                \setlength{\headheight}{14.49998pt}.
(fancyhdr)                You might also make \topmargin smaller to compensate:
(fancyhdr)                \addtolength{\topmargin}{-2.49998pt}.

[102]) (./Chapters/ch_Bootstrap_方法.tex

Package fancyhdr Warning: \headheight is too small (12.0pt): 
(fancyhdr)                Make it at least 14.49998pt, for example:
(fancyhdr)                \setlength{\headheight}{14.49998pt}.
(fancyhdr)                You might also make \topmargin smaller to compensate:
(fancyhdr)                \addtolength{\topmargin}{-2.49998pt}.

[103]

Package fancyhdr Warning: \headheight is too small (12.0pt): 
(fancyhdr)                Make it at least 14.49998pt, for example:
(fancyhdr)                \setlength{\headheight}{14.49998pt}.
(fancyhdr)                You might also make \topmargin smaller to compensate:
(fancyhdr)                \addtolength{\topmargin}{-2.49998pt}.

[104

]
第六章

Overfull \hbox (17.40517pt too wide) in paragraph at lines 31--33
[]\TU/SimSun(0)/m/n/12 重 复 步 骤 \TU/lmr/m/n/12 1–2 \TU/SimSun(0)/m/n/12 共 $\OML/cmm/m/it/12 B$ \TU/SimSun(0)/m/n/12 次  |（通 常 $\OML/cmm/m/it/12 B \OT1/cmr/m/n/12 = 1000$ \TU/SimSun(0)/m/n/12 或 更 多） ，|  得 到 \TU/lmr/m/n/12 Bootstrap \TU/SimSun(0)/m/n/12 分 布 $\OMS/cmsy/m/n/12 f[]\OML/cmm/m/it/12 ; []; [] ; []\OMS/cmsy/m/n/12 g$\TU/SimSun(0)/m/n/12 。| 
 []

[105]

Package fancyhdr Warning: \headheight is too small (12.0pt): 
(fancyhdr)                Make it at least 14.49998pt, for example:
(fancyhdr)                \setlength{\headheight}{14.49998pt}.
(fancyhdr)                You might also make \topmargin smaller to compensate:
(fancyhdr)                \addtolength{\topmargin}{-2.49998pt}.

[106]

Package fancyhdr Warning: \headheight is too small (12.0pt): 
(fancyhdr)                Make it at least 14.49998pt, for example:
(fancyhdr)                \setlength{\headheight}{14.49998pt}.
(fancyhdr)                You might also make \topmargin smaller to compensate:
(fancyhdr)                \addtolength{\topmargin}{-2.49998pt}.

[107]

Package fancyhdr Warning: \headheight is too small (12.0pt): 
(fancyhdr)                Make it at least 14.49998pt, for example:
(fancyhdr)                \setlength{\headheight}{14.49998pt}.
(fancyhdr)                You might also make \topmargin smaller to compensate:
(fancyhdr)                \addtolength{\topmargin}{-2.49998pt}.

[108]
Underfull \hbox (badness 7344) in paragraph at lines 254--254
[]\TU/SimSun(0)/m/n/12 保 持 的 内 部
 []


Package fancyhdr Warning: \headheight is too small (12.0pt): 
(fancyhdr)                Make it at least 14.49998pt, for example:
(fancyhdr)                \setlength{\headheight}{14.49998pt}.
(fancyhdr)                You might also make \topmargin smaller to compensate:
(fancyhdr)                \addtolength{\topmargin}{-2.49998pt}.

[109]) (./Chapters/ch_统计实践_从建模到报告.tex

Package fancyhdr Warning: \headheight is too small (12.0pt): 
(fancyhdr)                Make it at least 14.49998pt, for example:
(fancyhdr)                \setlength{\headheight}{14.49998pt}.
(fancyhdr)                You might also make \topmargin smaller to compensate:
(fancyhdr)                \addtolength{\topmargin}{-2.49998pt}.

[110]
第七章

Package hyperref Warning: Token not allowed in a PDF string (Unicode):
(hyperref)                removing `math shift' on input line 8.


Package hyperref Warning: Token not allowed in a PDF string (Unicode):
(hyperref)                removing `superscript' on input line 8.


Package hyperref Warning: Token not allowed in a PDF string (Unicode):
(hyperref)                removing `math shift' on input line 8.


Package hyperref Warning: Token not allowed in a PDF string (Unicode):
(hyperref)                removing `math shift' on input line 8.


Package hyperref Warning: Token not allowed in a PDF string (Unicode):
(hyperref)                removing `math shift' on input line 8.


Underfull \hbox (badness 7344) in paragraph at lines 33--33
[]\TU/SimSun(0)/m/n/12 受 样 本 量 影
 []


Package hyperref Warning: Token not allowed in a PDF string (Unicode):
(hyperref)                removing `math shift' on input line 38.


Package hyperref Warning: Token not allowed in a PDF string (Unicode):
(hyperref)                removing `superscript' on input line 38.


Package hyperref Warning: Token not allowed in a PDF string (Unicode):
(hyperref)                removing `math shift' on input line 38.


Package hyperref Warning: Token not allowed in a PDF string (Unicode):
(hyperref)                removing `math shift' on input line 38.


Package hyperref Warning: Token not allowed in a PDF string (Unicode):
(hyperref)                removing `math shift' on input line 38.

[111

]
Overfull \hbox (23.2966pt too wide) in paragraph at lines 89--99
 [] 
 []


Underfull \vbox (badness 1796) has occurred while \output is active []



Package fancyhdr Warning: \headheight is too small (12.0pt): 
(fancyhdr)                Make it at least 14.49998pt, for example:
(fancyhdr)                \setlength{\headheight}{14.49998pt}.
(fancyhdr)                You might also make \topmargin smaller to compensate:
(fancyhdr)                \addtolength{\topmargin}{-2.49998pt}.

[112]

Package fancyhdr Warning: \headheight is too small (12.0pt): 
(fancyhdr)                Make it at least 14.49998pt, for example:
(fancyhdr)                \setlength{\headheight}{14.49998pt}.
(fancyhdr)                You might also make \topmargin smaller to compensate:
(fancyhdr)                \addtolength{\topmargin}{-2.49998pt}.

[113]

Package fancyhdr Warning: \headheight is too small (12.0pt): 
(fancyhdr)                Make it at least 14.49998pt, for example:
(fancyhdr)                \setlength{\headheight}{14.49998pt}.
(fancyhdr)                You might also make \topmargin smaller to compensate:
(fancyhdr)                \addtolength{\topmargin}{-2.49998pt}.

[114]
Underfull \vbox (badness 10000) has occurred while \output is active []



Package fancyhdr Warning: \headheight is too small (12.0pt): 
(fancyhdr)                Make it at least 14.49998pt, for example:
(fancyhdr)                \setlength{\headheight}{14.49998pt}.
(fancyhdr)                You might also make \topmargin smaller to compensate:
(fancyhdr)                \addtolength{\topmargin}{-2.49998pt}.

[115]

Package hyperref Warning: Token not allowed in a PDF string (Unicode):
(hyperref)                removing `math shift' on input line 232.


Package hyperref Warning: Token not allowed in a PDF string (Unicode):
(hyperref)                removing `math shift' on input line 232.


Overfull \hbox (7.91249pt too wide) in paragraph at lines 255--258
[]\TU/lmr/m/n/10.95 BMI \TU/SimSun(0)/m/n/10.95 对 \TU/lmr/m/n/10.95 Y \TU/SimSun(0)/m/n/10.95 浓 度 具 有 显 著 的 负 效 应  |（$[] \OT1/cmr/m/n/10.95 = \OMS/cmsy/m/n/10.95 ^^@\OT1/cmr/m/n/10.95 0\OML/cmm/m/it/10.95 :\OT1/cmr/m/n/10.95 0084\OML/cmm/m/it/10.95 ;  SE \OT1/cmr/m/n/10.95 = 0\OML/cmm/m/it/10.95 :\OT1/cmr/m/n/10.95 0012\OML/cmm/m/it/10.95 ;  t\OT1/cmr/m/n/10.95 (9997) = \OMS/cmsy/m/n/10.95 ^^@\OT1/cmr/m/n/10.95 7\OML/cmm/m/it/10.95 :\OT1/cmr/m/n/10.95 00\OML/cmm/m/it/10.95 ;  p <
 []


Package fancyhdr Warning: \headheight is too small (12.0pt): 
(fancyhdr)                Make it at least 14.49998pt, for example:
(fancyhdr)                \setlength{\headheight}{14.49998pt}.
(fancyhdr)                You might also make \topmargin smaller to compensate:
(fancyhdr)                \addtolength{\topmargin}{-2.49998pt}.

[116]
Underfull \hbox (badness 4084) in paragraph at lines 291--291
[]\TU/lmr/m/n/10 Wilcoxon \TU/SimSun(0)/m/n/10 符 号
 []


Underfull \hbox (badness 10000) in paragraph at lines 294--294
[]$\OML/cmm/m/it/10 F$ \TU/SimSun(0)/m/n/10 检 验 \TU/lmr/m/n/10 /
 []


Underfull \hbox (badness 4686) in paragraph at lines 300--300
[]\TU/SimSun(0)/m/n/10 标 准 误\TU/lmr/m/n/10 /CI |\TU/SimSun(0)/m/n/10 （任 意
 []


Underfull \hbox (badness 10000) in paragraph at lines 300--300
[]\TU/SimSun(0)/m/n/10 非 参 数 \TU/lmr/m/n/10 Boot-
 []


Underfull \vbox (badness 10000) has occurred while \output is active []



Package fancyhdr Warning: \headheight is too small (12.0pt): 
(fancyhdr)                Make it at least 14.49998pt, for example:
(fancyhdr)                \setlength{\headheight}{14.49998pt}.
(fancyhdr)                You might also make \topmargin smaller to compensate:
(fancyhdr)                \addtolength{\topmargin}{-2.49998pt}.

[117]) (./Chapters/ch_信息论基础.tex

Package fancyhdr Warning: \headheight is too small (12.0pt): 
(fancyhdr)                Make it at least 14.49998pt, for example:
(fancyhdr)                \setlength{\headheight}{14.49998pt}.
(fancyhdr)                You might also make \topmargin smaller to compensate:
(fancyhdr)                \addtolength{\topmargin}{-2.49998pt}.

[118]
第八章
) (./Chapters/ch_矩阵运算与张量记号.tex [119

]

Package fancyhdr Warning: \headheight is too small (12.0pt): 
(fancyhdr)                Make it at least 14.49998pt, for example:
(fancyhdr)                \setlength{\headheight}{14.49998pt}.
(fancyhdr)                You might also make \topmargin smaller to compensate:
(fancyhdr)                \addtolength{\topmargin}{-2.49998pt}.

[120

] [121] [122]
第九章
[123

]

Package fancyhdr Warning: \headheight is too small (12.0pt): 
(fancyhdr)                Make it at least 14.49998pt, for example:
(fancyhdr)                \setlength{\headheight}{14.49998pt}.
(fancyhdr)                You might also make \topmargin smaller to compensate:
(fancyhdr)                \addtolength{\topmargin}{-2.49998pt}.

[124]
Underfull \vbox (badness 10000) has occurred while \output is active []



Package fancyhdr Warning: \headheight is too small (12.0pt): 
(fancyhdr)                Make it at least 14.49998pt, for example:
(fancyhdr)                \setlength{\headheight}{14.49998pt}.
(fancyhdr)                You might also make \topmargin smaller to compensate:
(fancyhdr)                \addtolength{\topmargin}{-2.49998pt}.

[125]

Package hyperref Warning: Token not allowed in a PDF string (Unicode):
(hyperref)                removing `math shift' on input line 161.


Package hyperref Warning: Token not allowed in a PDF string (Unicode):
(hyperref)                removing `\delta' on input line 161.


Package hyperref Warning: Token not allowed in a PDF string (Unicode):
(hyperref)                removing `math shift' on input line 161.


Package fancyhdr Warning: \headheight is too small (12.0pt): 
(fancyhdr)                Make it at least 14.49998pt, for example:
(fancyhdr)                \setlength{\headheight}{14.49998pt}.
(fancyhdr)                You might also make \topmargin smaller to compensate:
(fancyhdr)                \addtolength{\topmargin}{-2.49998pt}.

[126]

Package fancyhdr Warning: \headheight is too small (12.0pt): 
(fancyhdr)                Make it at least 14.49998pt, for example:
(fancyhdr)                \setlength{\headheight}{14.49998pt}.
(fancyhdr)                You might also make \topmargin smaller to compensate:
(fancyhdr)                \addtolength{\topmargin}{-2.49998pt}.

[127]

Package fancyhdr Warning: \headheight is too small (12.0pt): 
(fancyhdr)                Make it at least 14.49998pt, for example:
(fancyhdr)                \setlength{\headheight}{14.49998pt}.
(fancyhdr)                You might also make \topmargin smaller to compensate:
(fancyhdr)                \addtolength{\topmargin}{-2.49998pt}.

[128]

Package fancyhdr Warning: \headheight is too small (12.0pt): 
(fancyhdr)                Make it at least 14.49998pt, for example:
(fancyhdr)                \setlength{\headheight}{14.49998pt}.
(fancyhdr)                You might also make \topmargin smaller to compensate:
(fancyhdr)                \addtolength{\topmargin}{-2.49998pt}.

[129]) (./Chapters/ch_统计学习导论.tex

Package fancyhdr Warning: \headheight is too small (12.0pt): 
(fancyhdr)                Make it at least 14.49998pt, for example:
(fancyhdr)                \setlength{\headheight}{14.49998pt}.
(fancyhdr)                You might also make \topmargin smaller to compensate:
(fancyhdr)                \addtolength{\topmargin}{-2.49998pt}.

[130]
第十章
[131

]

Package fancyhdr Warning: \headheight is too small (12.0pt): 
(fancyhdr)                Make it at least 14.49998pt, for example:
(fancyhdr)                \setlength{\headheight}{14.49998pt}.
(fancyhdr)                You might also make \topmargin smaller to compensate:
(fancyhdr)                \addtolength{\topmargin}{-2.49998pt}.

[132]
Missing character: There is no ❌ (U+274C) in font [lmroman12-regular]:mapping=tex-text;!
Missing character: There is no ✅ (U+2705) in font [lmroman12-regular]:mapping=tex-text;!

Overfull \hbox (7.5472pt too wide) in paragraph at lines 127--137
 [] 
 []


Package fancyhdr Warning: \headheight is too small (12.0pt): 
(fancyhdr)                Make it at least 14.49998pt, for example:
(fancyhdr)                \setlength{\headheight}{14.49998pt}.
(fancyhdr)                You might also make \topmargin smaller to compensate:
(fancyhdr)                \addtolength{\topmargin}{-2.49998pt}.

[133]

Package fancyhdr Warning: \headheight is too small (12.0pt): 
(fancyhdr)                Make it at least 14.49998pt, for example:
(fancyhdr)                \setlength{\headheight}{14.49998pt}.
(fancyhdr)                You might also make \topmargin smaller to compensate:
(fancyhdr)                \addtolength{\topmargin}{-2.49998pt}.

[134]

Package fancyhdr Warning: \headheight is too small (12.0pt): 
(fancyhdr)                Make it at least 14.49998pt, for example:
(fancyhdr)                \setlength{\headheight}{14.49998pt}.
(fancyhdr)                You might also make \topmargin smaller to compensate:
(fancyhdr)                \addtolength{\topmargin}{-2.49998pt}.

[135]
Overfull \hbox (71.4109pt too wide) detected at line 326
[]
 []


Package fancyhdr Warning: \headheight is too small (12.0pt): 
(fancyhdr)                Make it at least 14.49998pt, for example:
(fancyhdr)                \setlength{\headheight}{14.49998pt}.
(fancyhdr)                You might also make \topmargin smaller to compensate:
(fancyhdr)                \addtolength{\topmargin}{-2.49998pt}.

[136]

Package fancyhdr Warning: \headheight is too small (12.0pt): 
(fancyhdr)                Make it at least 14.49998pt, for example:
(fancyhdr)                \setlength{\headheight}{14.49998pt}.
(fancyhdr)                You might also make \topmargin smaller to compensate:
(fancyhdr)                \addtolength{\topmargin}{-2.49998pt}.

[137]

Package fancyhdr Warning: \headheight is too small (12.0pt): 
(fancyhdr)                Make it at least 14.49998pt, for example:
(fancyhdr)                \setlength{\headheight}{14.49998pt}.
(fancyhdr)                You might also make \topmargin smaller to compensate:
(fancyhdr)                \addtolength{\topmargin}{-2.49998pt}.

[138]

Package fancyhdr Warning: \headheight is too small (12.0pt): 
(fancyhdr)                Make it at least 14.49998pt, for example:
(fancyhdr)                \setlength{\headheight}{14.49998pt}.
(fancyhdr)                You might also make \topmargin smaller to compensate:
(fancyhdr)                \addtolength{\topmargin}{-2.49998pt}.

[139]

Package fancyhdr Warning: \headheight is too small (12.0pt): 
(fancyhdr)                Make it at least 14.49998pt, for example:
(fancyhdr)                \setlength{\headheight}{14.49998pt}.
(fancyhdr)                You might also make \topmargin smaller to compensate:
(fancyhdr)                \addtolength{\topmargin}{-2.49998pt}.

[140]
Overfull \hbox (16.38774pt too wide) detected at line 603
[]
 []


Package fancyhdr Warning: \headheight is too small (12.0pt): 
(fancyhdr)                Make it at least 14.49998pt, for example:
(fancyhdr)                \setlength{\headheight}{14.49998pt}.
(fancyhdr)                You might also make \topmargin smaller to compensate:
(fancyhdr)                \addtolength{\topmargin}{-2.49998pt}.

[141]

Package fancyhdr Warning: \headheight is too small (12.0pt): 
(fancyhdr)                Make it at least 14.49998pt, for example:
(fancyhdr)                \setlength{\headheight}{14.49998pt}.
(fancyhdr)                You might also make \topmargin smaller to compensate:
(fancyhdr)                \addtolength{\topmargin}{-2.49998pt}.

[142]
Underfull \vbox (badness 1400) has occurred while \output is active []



Package fancyhdr Warning: \headheight is too small (12.0pt): 
(fancyhdr)                Make it at least 14.49998pt, for example:
(fancyhdr)                \setlength{\headheight}{14.49998pt}.
(fancyhdr)                You might also make \topmargin smaller to compensate:
(fancyhdr)                \addtolength{\topmargin}{-2.49998pt}.

[143]
Overfull \hbox (11.82141pt too wide) detected at line 756
[]  [][]\OMS/cmsy/m/n/12 !  []  [][]!  []\OML/cmm/m/it/12 ^^R  [][]\OMS/cmsy/m/n/12 !  []\OML/cmm/m/it/12 :
 []


Package fancyhdr Warning: \headheight is too small (12.0pt): 
(fancyhdr)                Make it at least 14.49998pt, for example:
(fancyhdr)                \setlength{\headheight}{14.49998pt}.
(fancyhdr)                You might also make \topmargin smaller to compensate:
(fancyhdr)                \addtolength{\topmargin}{-2.49998pt}.

[144]

Package fancyhdr Warning: \headheight is too small (12.0pt): 
(fancyhdr)                Make it at least 14.49998pt, for example:
(fancyhdr)                \setlength{\headheight}{14.49998pt}.
(fancyhdr)                You might also make \topmargin smaller to compensate:
(fancyhdr)                \addtolength{\topmargin}{-2.49998pt}.

[145]
Overfull \hbox (7.5472pt too wide) in paragraph at lines 883--895
 [] 
 []


Package fancyhdr Warning: \headheight is too small (12.0pt): 
(fancyhdr)                Make it at least 14.49998pt, for example:
(fancyhdr)                \setlength{\headheight}{14.49998pt}.
(fancyhdr)                You might also make \topmargin smaller to compensate:
(fancyhdr)                \addtolength{\topmargin}{-2.49998pt}.

[146]

Package fancyhdr Warning: \headheight is too small (12.0pt): 
(fancyhdr)                Make it at least 14.49998pt, for example:
(fancyhdr)                \setlength{\headheight}{14.49998pt}.
(fancyhdr)                You might also make \topmargin smaller to compensate:
(fancyhdr)                \addtolength{\topmargin}{-2.49998pt}.

[147]

Package fancyhdr Warning: \headheight is too small (12.0pt): 
(fancyhdr)                Make it at least 14.49998pt, for example:
(fancyhdr)                \setlength{\headheight}{14.49998pt}.
(fancyhdr)                You might also make \topmargin smaller to compensate:
(fancyhdr)                \addtolength{\topmargin}{-2.49998pt}.

[148]

Package fancyhdr Warning: \headheight is too small (12.0pt): 
(fancyhdr)                Make it at least 14.49998pt, for example:
(fancyhdr)                \setlength{\headheight}{14.49998pt}.
(fancyhdr)                You might also make \topmargin smaller to compensate:
(fancyhdr)                \addtolength{\topmargin}{-2.49998pt}.

[149]

Package fancyhdr Warning: \headheight is too small (12.0pt): 
(fancyhdr)                Make it at least 14.49998pt, for example:
(fancyhdr)                \setlength{\headheight}{14.49998pt}.
(fancyhdr)                You might also make \topmargin smaller to compensate:
(fancyhdr)                \addtolength{\topmargin}{-2.49998pt}.

[150]

Package fancyhdr Warning: \headheight is too small (12.0pt): 
(fancyhdr)                Make it at least 14.49998pt, for example:
(fancyhdr)                \setlength{\headheight}{14.49998pt}.
(fancyhdr)                You might also make \topmargin smaller to compensate:
(fancyhdr)                \addtolength{\topmargin}{-2.49998pt}.

[151]

Package fancyhdr Warning: \headheight is too small (12.0pt): 
(fancyhdr)                Make it at least 14.49998pt, for example:
(fancyhdr)                \setlength{\headheight}{14.49998pt}.
(fancyhdr)                You might also make \topmargin smaller to compensate:
(fancyhdr)                \addtolength{\topmargin}{-2.49998pt}.

[152]

Package fancyhdr Warning: \headheight is too small (12.0pt): 
(fancyhdr)                Make it at least 14.49998pt, for example:
(fancyhdr)                \setlength{\headheight}{14.49998pt}.
(fancyhdr)                You might also make \topmargin smaller to compensate:
(fancyhdr)                \addtolength{\topmargin}{-2.49998pt}.

[153]

Package fancyhdr Warning: \headheight is too small (12.0pt): 
(fancyhdr)                Make it at least 14.49998pt, for example:
(fancyhdr)                \setlength{\headheight}{14.49998pt}.
(fancyhdr)                You might also make \topmargin smaller to compensate:
(fancyhdr)                \addtolength{\topmargin}{-2.49998pt}.

[154]

Package fancyhdr Warning: \headheight is too small (12.0pt): 
(fancyhdr)                Make it at least 14.49998pt, for example:
(fancyhdr)                \setlength{\headheight}{14.49998pt}.
(fancyhdr)                You might also make \topmargin smaller to compensate:
(fancyhdr)                \addtolength{\topmargin}{-2.49998pt}.

[155]

Package fancyhdr Warning: \headheight is too small (12.0pt): 
(fancyhdr)                Make it at least 14.49998pt, for example:
(fancyhdr)                \setlength{\headheight}{14.49998pt}.
(fancyhdr)                You might also make \topmargin smaller to compensate:
(fancyhdr)                \addtolength{\topmargin}{-2.49998pt}.

[156]

Package fancyhdr Warning: \headheight is too small (12.0pt): 
(fancyhdr)                Make it at least 14.49998pt, for example:
(fancyhdr)                \setlength{\headheight}{14.49998pt}.
(fancyhdr)                You might also make \topmargin smaller to compensate:
(fancyhdr)                \addtolength{\topmargin}{-2.49998pt}.

[157]

Package fancyhdr Warning: \headheight is too small (12.0pt): 
(fancyhdr)                Make it at least 14.49998pt, for example:
(fancyhdr)                \setlength{\headheight}{14.49998pt}.
(fancyhdr)                You might also make \topmargin smaller to compensate:
(fancyhdr)                \addtolength{\topmargin}{-2.49998pt}.

[158]

Package fancyhdr Warning: \headheight is too small (12.0pt): 
(fancyhdr)                Make it at least 14.49998pt, for example:
(fancyhdr)                \setlength{\headheight}{14.49998pt}.
(fancyhdr)                You might also make \topmargin smaller to compensate:
(fancyhdr)                \addtolength{\topmargin}{-2.49998pt}.

[159]

Package fancyhdr Warning: \headheight is too small (12.0pt): 
(fancyhdr)                Make it at least 14.49998pt, for example:
(fancyhdr)                \setlength{\headheight}{14.49998pt}.
(fancyhdr)                You might also make \topmargin smaller to compensate:
(fancyhdr)                \addtolength{\topmargin}{-2.49998pt}.

[160]

Package fancyhdr Warning: \headheight is too small (12.0pt): 
(fancyhdr)                Make it at least 14.49998pt, for example:
(fancyhdr)                \setlength{\headheight}{14.49998pt}.
(fancyhdr)                You might also make \topmargin smaller to compensate:
(fancyhdr)                \addtolength{\topmargin}{-2.49998pt}.

[161]

Package fancyhdr Warning: \headheight is too small (12.0pt): 
(fancyhdr)                Make it at least 14.49998pt, for example:
(fancyhdr)                \setlength{\headheight}{14.49998pt}.
(fancyhdr)                You might also make \topmargin smaller to compensate:
(fancyhdr)                \addtolength{\topmargin}{-2.49998pt}.

[162]
Overfull \hbox (4.20804pt too wide) in paragraph at lines 1736--1747
 [] 
 []


Package fancyhdr Warning: \headheight is too small (12.0pt): 
(fancyhdr)                Make it at least 14.49998pt, for example:
(fancyhdr)                \setlength{\headheight}{14.49998pt}.
(fancyhdr)                You might also make \topmargin smaller to compensate:
(fancyhdr)                \addtolength{\topmargin}{-2.49998pt}.

[163]

LaTeX Warning: Command \textcircled invalid in math mode on input line 1835.

LaTeX Font Info:    Trying to load font information for OMS+lmr on input line 1835.
(d:/texlive/2024/texmf-dist/tex/latex/lm/omslmr.fd
File: omslmr.fd 2015/05/01 v1.6.1 Font defs for Latin Modern
)
LaTeX Font Info:    Trying to load font information for OMS+lmsy on input line 1835.
 (d:/texlive/2024/texmf-dist/tex/latex/lm/omslmsy.fd
File: omslmsy.fd 2015/05/01 v1.6.1 Font defs for Latin Modern
)
LaTeX Font Info:    Font shape `OMS/lmr/m/n' in size <12> not available
(Font)              Font shape `OMS/lmsy/m/n' tried instead on input line 1835.


LaTeX Warning: Command \textcircled invalid in math mode on input line 1835.


LaTeX Warning: Command \textcircled invalid in math mode on input line 1836.


LaTeX Warning: Command \textcircled invalid in math mode on input line 1836.

LaTeX Font Info:    Font shape `OMS/lmr/bx/n' in size <12> not available
(Font)              Font shape `OMS/lmsy/b/n' tried instead on input line 1842.

Package fancyhdr Warning: \headheight is too small (12.0pt): 
(fancyhdr)                Make it at least 14.49998pt, for example:
(fancyhdr)                \setlength{\headheight}{14.49998pt}.
(fancyhdr)                You might also make \topmargin smaller to compensate:
(fancyhdr)                \addtolength{\topmargin}{-2.49998pt}.

[164]

LaTeX Warning: Command \textcircled invalid in math mode on input line 1865.


LaTeX Warning: Command \textcircled invalid in math mode on input line 1865.


Overfull \hbox (76.38728pt too wide) detected at line 1916
[] \OT1/cmr/m/n/12 = [] + []  []  [] = [] + [] + [] \OML/cmm/m/it/12 :
 []


Overfull \hbox (3.96428pt too wide) detected at line 1926
[][][]\U/msb/m/n/12 E[][]\OT1/cmr/m/n/12 (\OML/cmm/m/it/12 Y \OMS/cmsy/m/n/12 ^^@ []\OT1/cmr/m/n/12 (\OML/cmm/m/it/12 x[]\OT1/cmr/m/n/12 ))[] \OMS/cmsy/m/n/12 j \OML/cmm/m/it/12 X \OT1/cmr/m/n/12 = \OML/cmm/m/it/12 x[][] \OT1/cmr/m/n/12 = [] + [] + [] \OML/cmm/m/it/12 :
 []


Package fancyhdr Warning: \headheight is too small (12.0pt): 
(fancyhdr)                Make it at least 14.49998pt, for example:
(fancyhdr)                \setlength{\headheight}{14.49998pt}.
(fancyhdr)                You might also make \topmargin smaller to compensate:
(fancyhdr)                \addtolength{\topmargin}{-2.49998pt}.

[165]
Overfull \hbox (3.90594pt too wide) in paragraph at lines 1951--1955
[]$\OML/cmm/m/it/12 k$\TU/lmr/m/n/12 -\TU/SimSun(0)/m/n/12 最 近 邻 回 归 为 偏 差\TU/lmr/m/n/12 -\TU/SimSun(0)/m/n/12 方 差 分 解 提 供 了 一 个 清 晰 的 实 例。|  在 $\OML/cmm/m/it/12 x[]$ \TU/SimSun(0)/m/n/12 处，| $[]\OT1/cmr/m/n/12 (\OML/cmm/m/it/12 x[]\OT1/cmr/m/n/12 ) = [] [][] \OML/cmm/m/it/12 y[]$\TU/SimSun(0)/m/n/12 ，|
 []


Package fancyhdr Warning: \headheight is too small (12.0pt): 
(fancyhdr)                Make it at least 14.49998pt, for example:
(fancyhdr)                \setlength{\headheight}{14.49998pt}.
(fancyhdr)                You might also make \topmargin smaller to compensate:
(fancyhdr)                \addtolength{\topmargin}{-2.49998pt}.

[166]

Package fancyhdr Warning: \headheight is too small (12.0pt): 
(fancyhdr)                Make it at least 14.49998pt, for example:
(fancyhdr)                \setlength{\headheight}{14.49998pt}.
(fancyhdr)                You might also make \topmargin smaller to compensate:
(fancyhdr)                \addtolength{\topmargin}{-2.49998pt}.

[167]

Package fancyhdr Warning: \headheight is too small (12.0pt): 
(fancyhdr)                Make it at least 14.49998pt, for example:
(fancyhdr)                \setlength{\headheight}{14.49998pt}.
(fancyhdr)                You might also make \topmargin smaller to compensate:
(fancyhdr)                \addtolength{\topmargin}{-2.49998pt}.

[168]
Overfull \hbox (3.04587pt too wide) in paragraph at lines 2166--2168
[]\TU/SimSun(0)/b/n/12 函 数 逼 近 \TU/SimSun(0)/m/n/12 将 学 习 问 题 视 为 在 $\U/msb/m/n/12 R[]$ \TU/SimSun(0)/m/n/12 空 间 中 拟 合 曲 面。|  线 性 基 展 开 $\OML/cmm/m/it/12 f[]\OT1/cmr/m/n/12 (\OML/cmm/m/it/12 x\OT1/cmr/m/n/12 ) = [][] \OML/cmm/m/it/12 h[]\OT1/cmr/m/n/12 (\OML/cmm/m/it/12 x\OT1/cmr/m/n/12 ) \OML/cmm/m/it/12 ^^R[]$
 []


Package fancyhdr Warning: \headheight is too small (12.0pt): 
(fancyhdr)                Make it at least 14.49998pt, for example:
(fancyhdr)                \setlength{\headheight}{14.49998pt}.
(fancyhdr)                You might also make \topmargin smaller to compensate:
(fancyhdr)                \addtolength{\topmargin}{-2.49998pt}.

[169]) (./Chapters/ch_线性回归模型与最小二乘法.tex

Package fancyhdr Warning: \headheight is too small (12.0pt): 
(fancyhdr)                Make it at least 14.49998pt, for example:
(fancyhdr)                \setlength{\headheight}{14.49998pt}.
(fancyhdr)                You might also make \topmargin smaller to compensate:
(fancyhdr)                \addtolength{\topmargin}{-2.49998pt}.

[170]
第十一章

Overfull \hbox (3.74683pt too wide) in paragraph at lines 26--28
\TU/SimSun(0)/m/n/12 其 中 $\OML/cmm/m/it/12 ^^L[]$ \TU/SimSun(0)/m/n/12 为 \TU/SimSun(0)/b/n/12 截 距 项 \TU/lmr/bx/n/12 (intercept)\TU/SimSun(0)/m/n/12 ，| $\OML/cmm/m/it/12 ^^L[] \OT1/cmr/m/n/12 (\OML/cmm/m/it/12 j \OT1/cmr/m/n/12 = 1\OML/cmm/m/it/12 ; [] ; p\OT1/cmr/m/n/12 )$ \TU/SimSun(0)/m/n/12 为 \TU/SimSun(0)/b/n/12 系 数 \TU/lmr/bx/n/12 (coefficients) \TU/SimSun(0)/m/n/12 或 \TU/SimSun(0)/b/n/12 权 重 \TU/lmr/bx/n/12 (weights)\TU/SimSun(0)/m/n/12 。| 
 []

[171

]

Package fancyhdr Warning: \headheight is too small (12.0pt): 
(fancyhdr)                Make it at least 14.49998pt, for example:
(fancyhdr)                \setlength{\headheight}{14.49998pt}.
(fancyhdr)                You might also make \topmargin smaller to compensate:
(fancyhdr)                \addtolength{\topmargin}{-2.49998pt}.

[172]
Missing character: There is no ① (U+2460) in font [lmroman12-bold]:mapping=tex-text;!

Package fancyhdr Warning: \headheight is too small (12.0pt): 
(fancyhdr)                Make it at least 14.49998pt, for example:
(fancyhdr)                \setlength{\headheight}{14.49998pt}.
(fancyhdr)                You might also make \topmargin smaller to compensate:
(fancyhdr)                \addtolength{\topmargin}{-2.49998pt}.

[173]
Missing character: There is no ② (U+2461) in font [lmroman12-bold]:mapping=tex-text;!
Missing character: There is no ③ (U+2462) in font [lmroman12-bold]:mapping=tex-text;!

Package fancyhdr Warning: \headheight is too small (12.0pt): 
(fancyhdr)                Make it at least 14.49998pt, for example:
(fancyhdr)                \setlength{\headheight}{14.49998pt}.
(fancyhdr)                You might also make \topmargin smaller to compensate:
(fancyhdr)                \addtolength{\topmargin}{-2.49998pt}.

[174]
Missing character: There is no ① (U+2460) in font [lmroman12-bold]:mapping=tex-text;!
Missing character: There is no ② (U+2461) in font [lmroman12-bold]:mapping=tex-text;!
Missing character: There is no ③ (U+2462) in font [lmroman12-bold]:mapping=tex-text;!

Package fancyhdr Warning: \headheight is too small (12.0pt): 
(fancyhdr)                Make it at least 14.49998pt, for example:
(fancyhdr)                \setlength{\headheight}{14.49998pt}.
(fancyhdr)                You might also make \topmargin smaller to compensate:
(fancyhdr)                \addtolength{\topmargin}{-2.49998pt}.

[175]
Overfull \hbox (21.77357pt too wide) in paragraph at lines 293--324
 [] 
 []


Package fancyhdr Warning: \headheight is too small (12.0pt): 
(fancyhdr)                Make it at least 14.49998pt, for example:
(fancyhdr)                \setlength{\headheight}{14.49998pt}.
(fancyhdr)                You might also make \topmargin smaller to compensate:
(fancyhdr)                \addtolength{\topmargin}{-2.49998pt}.

[176]

Package fancyhdr Warning: \headheight is too small (12.0pt): 
(fancyhdr)                Make it at least 14.49998pt, for example:
(fancyhdr)                \setlength{\headheight}{14.49998pt}.
(fancyhdr)                You might also make \topmargin smaller to compensate:
(fancyhdr)                \addtolength{\topmargin}{-2.49998pt}.

[177]

Package fancyhdr Warning: \headheight is too small (12.0pt): 
(fancyhdr)                Make it at least 14.49998pt, for example:
(fancyhdr)                \setlength{\headheight}{14.49998pt}.
(fancyhdr)                You might also make \topmargin smaller to compensate:
(fancyhdr)                \addtolength{\topmargin}{-2.49998pt}.

[178]

Package fancyhdr Warning: \headheight is too small (12.0pt): 
(fancyhdr)                Make it at least 14.49998pt, for example:
(fancyhdr)                \setlength{\headheight}{14.49998pt}.
(fancyhdr)                You might also make \topmargin smaller to compensate:
(fancyhdr)                \addtolength{\topmargin}{-2.49998pt}.

[179]
Overfull \hbox (28.61247pt too wide) detected at line 553
[]\OT1/cmr/m/n/12 ([] \OMS/cmsy/m/n/12 j []\OT1/cmr/m/n/12 ) = ([][][])[][][] []([] \OMS/cmsy/m/n/12 j []\OT1/cmr/m/n/12 ) []([][][])[] = ([][][])[][][](\OML/cmm/m/it/12 ^^[[][]\OT1/cmr/m/n/12 )[]([][][])[] = ([][][])[]\OML/cmm/m/it/12 ^^[[]:
 []


Overfull \hbox (33.85066pt too wide) in paragraph at lines 568--580
 [] 
 []


Package fancyhdr Warning: \headheight is too small (12.0pt): 
(fancyhdr)                Make it at least 14.49998pt, for example:
(fancyhdr)                \setlength{\headheight}{14.49998pt}.
(fancyhdr)                You might also make \topmargin smaller to compensate:
(fancyhdr)                \addtolength{\topmargin}{-2.49998pt}.

[180]

Package fancyhdr Warning: \headheight is too small (12.0pt): 
(fancyhdr)                Make it at least 14.49998pt, for example:
(fancyhdr)                \setlength{\headheight}{14.49998pt}.
(fancyhdr)                You might also make \topmargin smaller to compensate:
(fancyhdr)                \addtolength{\topmargin}{-2.49998pt}.

[181]

Package fancyhdr Warning: \headheight is too small (12.0pt): 
(fancyhdr)                Make it at least 14.49998pt, for example:
(fancyhdr)                \setlength{\headheight}{14.49998pt}.
(fancyhdr)                You might also make \topmargin smaller to compensate:
(fancyhdr)                \addtolength{\topmargin}{-2.49998pt}.

[182]

Package fancyhdr Warning: \headheight is too small (12.0pt): 
(fancyhdr)                Make it at least 14.49998pt, for example:
(fancyhdr)                \setlength{\headheight}{14.49998pt}.
(fancyhdr)                You might also make \topmargin smaller to compensate:
(fancyhdr)                \addtolength{\topmargin}{-2.49998pt}.

[183]
Underfull \hbox (badness 10000) in paragraph at lines 763--764
[]\TU/SimSun(0)/b/n/12 条 件 推 断 \TU/lmr/bx/n/12 (Condi-
 []


Overfull \hbox (47.99997pt too wide) in paragraph at lines 761--801
 [] 
 []


Package fancyhdr Warning: \headheight is too small (12.0pt): 
(fancyhdr)                Make it at least 14.49998pt, for example:
(fancyhdr)                \setlength{\headheight}{14.49998pt}.
(fancyhdr)                You might also make \topmargin smaller to compensate:
(fancyhdr)                \addtolength{\topmargin}{-2.49998pt}.

[184]

Package fancyhdr Warning: \headheight is too small (12.0pt): 
(fancyhdr)                Make it at least 14.49998pt, for example:
(fancyhdr)                \setlength{\headheight}{14.49998pt}.
(fancyhdr)                You might also make \topmargin smaller to compensate:
(fancyhdr)                \addtolength{\topmargin}{-2.49998pt}.

[185]
Overfull \hbox (12.57924pt too wide) in paragraph at lines 870--873
[]\TU/SimSun(0)/b/n/12 条 件 推 断 与 固 定 设 计 的 公 式 完 全 一 致。|  \TU/SimSun(0)/m/n/12 在 固 定 设 计 下 推 导 的 $[]\OT1/cmr/m/n/12 ([] \OMS/cmsy/m/n/12 j []\OT1/cmr/m/n/12 ) = ([][][])[]\OML/cmm/m/it/12 ^^[[]$
 []


Overfull \hbox (1.39346pt too wide) in paragraph at lines 913--917
[]\TU/SimSun(0)/b/n/12 大 多 数 场 景  |— —|  无 区 别。|  \TU/SimSun(0)/m/n/12 在 线 性 回 归 中，| $[]\OT1/cmr/m/n/12 ([] \OMS/cmsy/m/n/12 j []\OT1/cmr/m/n/12 ) = \OML/cmm/m/it/12 v[]^^[[]$ \TU/SimSun(0)/m/n/12 仅 通 过 $\OML/cmm/m/it/12 v[] \OT1/cmr/m/n/12 = [([][][])[]][]$
 []


Package fancyhdr Warning: \headheight is too small (12.0pt): 
(fancyhdr)                Make it at least 14.49998pt, for example:
(fancyhdr)                \setlength{\headheight}{14.49998pt}.
(fancyhdr)                You might also make \topmargin smaller to compensate:
(fancyhdr)                \addtolength{\topmargin}{-2.49998pt}.

[186]
Underfull \vbox (badness 10000) has occurred while \output is active []



Package fancyhdr Warning: \headheight is too small (12.0pt): 
(fancyhdr)                Make it at least 14.49998pt, for example:
(fancyhdr)                \setlength{\headheight}{14.49998pt}.
(fancyhdr)                You might also make \topmargin smaller to compensate:
(fancyhdr)                \addtolength{\topmargin}{-2.49998pt}.

[187]
Overfull \vbox (0.49098pt too high) has occurred while \output is active []



Package fancyhdr Warning: \headheight is too small (12.0pt): 
(fancyhdr)                Make it at least 14.49998pt, for example:
(fancyhdr)                \setlength{\headheight}{14.49998pt}.
(fancyhdr)                You might also make \topmargin smaller to compensate:
(fancyhdr)                \addtolength{\topmargin}{-2.49998pt}.

[188]

Package hyperref Warning: Token not allowed in a PDF string (Unicode):
(hyperref)                removing `math shift' on input line 1069.


Package hyperref Warning: Token not allowed in a PDF string (Unicode):
(hyperref)                removing `\sigma' on input line 1069.


Package hyperref Warning: Token not allowed in a PDF string (Unicode):
(hyperref)                removing `superscript' on input line 1069.


Package hyperref Warning: Token not allowed in a PDF string (Unicode):
(hyperref)                removing `math shift' on input line 1069.


Package fancyhdr Warning: \headheight is too small (12.0pt): 
(fancyhdr)                Make it at least 14.49998pt, for example:
(fancyhdr)                \setlength{\headheight}{14.49998pt}.
(fancyhdr)                You might also make \topmargin smaller to compensate:
(fancyhdr)                \addtolength{\topmargin}{-2.49998pt}.

[189]

Package hyperref Warning: Token not allowed in a PDF string (Unicode):
(hyperref)                removing `math shift' on input line 1122.


Package hyperref Warning: Token not allowed in a PDF string (Unicode):
(hyperref)                removing `math shift' on input line 1122.


Package hyperref Warning: Token not allowed in a PDF string (Unicode):
(hyperref)                removing `math shift' on input line 1137.


Package hyperref Warning: Token not allowed in a PDF string (Unicode):
(hyperref)                removing `math shift' on input line 1137.


Package fancyhdr Warning: \headheight is too small (12.0pt): 
(fancyhdr)                Make it at least 14.49998pt, for example:
(fancyhdr)                \setlength{\headheight}{14.49998pt}.
(fancyhdr)                You might also make \topmargin smaller to compensate:
(fancyhdr)                \addtolength{\topmargin}{-2.49998pt}.

[190]

Package fancyhdr Warning: \headheight is too small (12.0pt): 
(fancyhdr)                Make it at least 14.49998pt, for example:
(fancyhdr)                \setlength{\headheight}{14.49998pt}.
(fancyhdr)                You might also make \topmargin smaller to compensate:
(fancyhdr)                \addtolength{\topmargin}{-2.49998pt}.

[191]

Package fancyhdr Warning: \headheight is too small (12.0pt): 
(fancyhdr)                Make it at least 14.49998pt, for example:
(fancyhdr)                \setlength{\headheight}{14.49998pt}.
(fancyhdr)                You might also make \topmargin smaller to compensate:
(fancyhdr)                \addtolength{\topmargin}{-2.49998pt}.

[192]

Package fancyhdr Warning: \headheight is too small (12.0pt): 
(fancyhdr)                Make it at least 14.49998pt, for example:
(fancyhdr)                \setlength{\headheight}{14.49998pt}.
(fancyhdr)                You might also make \topmargin smaller to compensate:
(fancyhdr)                \addtolength{\topmargin}{-2.49998pt}.

[193]
Overfull \hbox (7.54723pt too wide) in paragraph at lines 1363--1374
 [] 
 []


Package fancyhdr Warning: \headheight is too small (12.0pt): 
(fancyhdr)                Make it at least 14.49998pt, for example:
(fancyhdr)                \setlength{\headheight}{14.49998pt}.
(fancyhdr)                You might also make \topmargin smaller to compensate:
(fancyhdr)                \addtolength{\topmargin}{-2.49998pt}.

[194]

Package hyperref Warning: Token not allowed in a PDF string (Unicode):
(hyperref)                removing `math shift' on input line 1402.


Package hyperref Warning: Token not allowed in a PDF string (Unicode):
(hyperref)                removing `math shift' on input line 1402.


Package fancyhdr Warning: \headheight is too small (12.0pt): 
(fancyhdr)                Make it at least 14.49998pt, for example:
(fancyhdr)                \setlength{\headheight}{14.49998pt}.
(fancyhdr)                You might also make \topmargin smaller to compensate:
(fancyhdr)                \addtolength{\topmargin}{-2.49998pt}.

[195]

Package fancyhdr Warning: \headheight is too small (12.0pt): 
(fancyhdr)                Make it at least 14.49998pt, for example:
(fancyhdr)                \setlength{\headheight}{14.49998pt}.
(fancyhdr)                You might also make \topmargin smaller to compensate:
(fancyhdr)                \addtolength{\topmargin}{-2.49998pt}.

[196]

Package fancyhdr Warning: \headheight is too small (12.0pt): 
(fancyhdr)                Make it at least 14.49998pt, for example:
(fancyhdr)                \setlength{\headheight}{14.49998pt}.
(fancyhdr)                You might also make \topmargin smaller to compensate:
(fancyhdr)                \addtolength{\topmargin}{-2.49998pt}.

[197]

Package fancyhdr Warning: \headheight is too small (12.0pt): 
(fancyhdr)                Make it at least 14.49998pt, for example:
(fancyhdr)                \setlength{\headheight}{14.49998pt}.
(fancyhdr)                You might also make \topmargin smaller to compensate:
(fancyhdr)                \addtolength{\topmargin}{-2.49998pt}.

[198]

Package fancyhdr Warning: \headheight is too small (12.0pt): 
(fancyhdr)                Make it at least 14.49998pt, for example:
(fancyhdr)                \setlength{\headheight}{14.49998pt}.
(fancyhdr)                You might also make \topmargin smaller to compensate:
(fancyhdr)                \addtolength{\topmargin}{-2.49998pt}.

[199]

Package fancyhdr Warning: \headheight is too small (12.0pt): 
(fancyhdr)                Make it at least 14.49998pt, for example:
(fancyhdr)                \setlength{\headheight}{14.49998pt}.
(fancyhdr)                You might also make \topmargin smaller to compensate:
(fancyhdr)                \addtolength{\topmargin}{-2.49998pt}.

[200]

Package fancyhdr Warning: \headheight is too small (12.0pt): 
(fancyhdr)                Make it at least 14.49998pt, for example:
(fancyhdr)                \setlength{\headheight}{14.49998pt}.
(fancyhdr)                You might also make \topmargin smaller to compensate:
(fancyhdr)                \addtolength{\topmargin}{-2.49998pt}.

[201]

Package fancyhdr Warning: \headheight is too small (12.0pt): 
(fancyhdr)                Make it at least 14.49998pt, for example:
(fancyhdr)                \setlength{\headheight}{14.49998pt}.
(fancyhdr)                You might also make \topmargin smaller to compensate:
(fancyhdr)                \addtolength{\topmargin}{-2.49998pt}.

[202]

Package fancyhdr Warning: \headheight is too small (12.0pt): 
(fancyhdr)                Make it at least 14.49998pt, for example:
(fancyhdr)                \setlength{\headheight}{14.49998pt}.
(fancyhdr)                You might also make \topmargin smaller to compensate:
(fancyhdr)                \addtolength{\topmargin}{-2.49998pt}.

[203]

LaTeX Warning: Reference `tab:prostate_cor' on page 204 undefined on input line 1921.


Package fancyhdr Warning: \headheight is too small (12.0pt): 
(fancyhdr)                Make it at least 14.49998pt, for example:
(fancyhdr)                \setlength{\headheight}{14.49998pt}.
(fancyhdr)                You might also make \topmargin smaller to compensate:
(fancyhdr)                \addtolength{\topmargin}{-2.49998pt}.

[204]

LaTeX Warning: Reference `tab:prostate_ls' on page 205 undefined on input line 1946.


Package fancyhdr Warning: \headheight is too small (12.0pt): 
(fancyhdr)                Make it at least 14.49998pt, for example:
(fancyhdr)                \setlength{\headheight}{14.49998pt}.
(fancyhdr)                You might also make \topmargin smaller to compensate:
(fancyhdr)                \addtolength{\topmargin}{-2.49998pt}.

[205]

Package hyperref Warning: Token not allowed in a PDF string (Unicode):
(hyperref)                removing `math shift' on input line 1978.


Package hyperref Warning: Token not allowed in a PDF string (Unicode):
(hyperref)                removing `math shift' on input line 1978.


Package fancyhdr Warning: \headheight is too small (12.0pt): 
(fancyhdr)                Make it at least 14.49998pt, for example:
(fancyhdr)                \setlength{\headheight}{14.49998pt}.
(fancyhdr)                You might also make \topmargin smaller to compensate:
(fancyhdr)                \addtolength{\topmargin}{-2.49998pt}.

[206]

Package hyperref Warning: Token not allowed in a PDF string (Unicode):
(hyperref)                removing `math shift' on input line 2040.


Package hyperref Warning: Token not allowed in a PDF string (Unicode):
(hyperref)                removing `math shift' on input line 2040.


Package hyperref Warning: Token not allowed in a PDF string (Unicode):
(hyperref)                removing `math shift' on input line 2100.


Package hyperref Warning: Token not allowed in a PDF string (Unicode):
(hyperref)                removing `\sigma' on input line 2100.


Package hyperref Warning: Token not allowed in a PDF string (Unicode):
(hyperref)                removing `superscript' on input line 2100.


Package hyperref Warning: Token not allowed in a PDF string (Unicode):
(hyperref)                removing `math shift' on input line 2100.


Package fancyhdr Warning: \headheight is too small (12.0pt): 
(fancyhdr)                Make it at least 14.49998pt, for example:
(fancyhdr)                \setlength{\headheight}{14.49998pt}.
(fancyhdr)                You might also make \topmargin smaller to compensate:
(fancyhdr)                \addtolength{\topmargin}{-2.49998pt}.

[207]

Package hyperref Warning: Token not allowed in a PDF string (Unicode):
(hyperref)                removing `math shift' on input line 2106.


Package hyperref Warning: Token not allowed in a PDF string (Unicode):
(hyperref)                removing `math shift' on input line 2106.


Package hyperref Warning: Token not allowed in a PDF string (Unicode):
(hyperref)                removing `math shift' on input line 2141.


Package hyperref Warning: Token not allowed in a PDF string (Unicode):
(hyperref)                removing `math shift' on input line 2141.


Package fancyhdr Warning: \headheight is too small (12.0pt): 
(fancyhdr)                Make it at least 14.49998pt, for example:
(fancyhdr)                \setlength{\headheight}{14.49998pt}.
(fancyhdr)                You might also make \topmargin smaller to compensate:
(fancyhdr)                \addtolength{\topmargin}{-2.49998pt}.

[208]

Package hyperref Warning: Token not allowed in a PDF string (Unicode):
(hyperref)                removing `math shift' on input line 2188.


Package hyperref Warning: Token not allowed in a PDF string (Unicode):
(hyperref)                removing `superscript' on input line 2188.


Package hyperref Warning: Token not allowed in a PDF string (Unicode):
(hyperref)                removing `math shift' on input line 2188.


Package fancyhdr Warning: \headheight is too small (12.0pt): 
(fancyhdr)                Make it at least 14.49998pt, for example:
(fancyhdr)                \setlength{\headheight}{14.49998pt}.
(fancyhdr)                You might also make \topmargin smaller to compensate:
(fancyhdr)                \addtolength{\topmargin}{-2.49998pt}.

[209]

Package fancyhdr Warning: \headheight is too small (12.0pt): 
(fancyhdr)                Make it at least 14.49998pt, for example:
(fancyhdr)                \setlength{\headheight}{14.49998pt}.
(fancyhdr)                You might also make \topmargin smaller to compensate:
(fancyhdr)                \addtolength{\topmargin}{-2.49998pt}.

[210]
Overfull \hbox (7.03603pt too wide) in paragraph at lines 2290--2291
[]\TU/SimSun(0)/b/n/12 降 维 方 法 \TU/lmr/bx/n/12 (Dimension Reduction)\TU/SimSun(0)/b/n/12 ：|  \TU/SimSun(0)/m/n/12 将 原 始 变 量 投 影 到 低 维 空 间  |（\TU/lmr/m/n/12 §3.5\TU/SimSun(0)/m/n/12 ，| \TU/lmr/m/n/12 PCR/PLS\TU/SimSun(0)/m/n/12 ） 。| 
 []


Package fancyhdr Warning: \headheight is too small (12.0pt): 
(fancyhdr)                Make it at least 14.49998pt, for example:
(fancyhdr)                \setlength{\headheight}{14.49998pt}.
(fancyhdr)                You might also make \topmargin smaller to compensate:
(fancyhdr)                \addtolength{\topmargin}{-2.49998pt}.

[211]
Overfull \hbox (62.22635pt too wide) in paragraph at lines 2349--2360
 [] 
 []


Package fancyhdr Warning: \headheight is too small (12.0pt): 
(fancyhdr)                Make it at least 14.49998pt, for example:
(fancyhdr)                \setlength{\headheight}{14.49998pt}.
(fancyhdr)                You might also make \topmargin smaller to compensate:
(fancyhdr)                \addtolength{\topmargin}{-2.49998pt}.

[212]

Package fancyhdr Warning: \headheight is too small (12.0pt): 
(fancyhdr)                Make it at least 14.49998pt, for example:
(fancyhdr)                \setlength{\headheight}{14.49998pt}.
(fancyhdr)                You might also make \topmargin smaller to compensate:
(fancyhdr)                \addtolength{\topmargin}{-2.49998pt}.

[213]
Overfull \hbox (7.11884pt too wide) in paragraph at lines 2402--2404
\TU/SimSun(0)/m/n/12 断） ，|  或 使 用 专 门 的 \TU/SimSun(0)/b/n/12 选 择 性 推 断 \TU/lmr/bx/n/12 (selective inference) \TU/SimSun(0)/m/n/12 方 法  |（如 \TU/lmtt/m/n/12 selectiveInference
 []


Overfull \hbox (2.1199pt too wide) in paragraph at lines 2411--2414
[]\TU/SimSun(0)/m/n/12 做 变 量 选 择 时，|  首 选 \TU/lmr/bx/n/12 Lasso/\TU/SimSun(0)/b/n/12 弹 性 网 \TU/lmr/bx/n/12 + \TU/SimSun(0)/b/n/12 交 叉 验 证  |\TU/SimSun(0)/m/n/12 （\TU/lmr/m/n/12 R: \TU/lmtt/m/n/12 glmnet::cv.glmnet()\TU/SimSun(0)/m/n/12 ，| \TU/lmr/m/n/12 Python:
 []


Package fancyhdr Warning: \headheight is too small (12.0pt): 
(fancyhdr)                Make it at least 14.49998pt, for example:
(fancyhdr)                \setlength{\headheight}{14.49998pt}.
(fancyhdr)                You might also make \topmargin smaller to compensate:
(fancyhdr)                \addtolength{\topmargin}{-2.49998pt}.

[214]
Underfull \hbox (badness 1824) in paragraph at lines 2467--2467
[]\TU/SimSun(0)/m/n/12 前 向\TU/lmr/m/n/12 /\TU/SimSun(0)/m/n/12 后 向 逐
 []


Overfull \hbox (5.32083pt too wide) in paragraph at lines 2462--2471
 [] 
 []


Package fancyhdr Warning: \headheight is too small (12.0pt): 
(fancyhdr)                Make it at least 14.49998pt, for example:
(fancyhdr)                \setlength{\headheight}{14.49998pt}.
(fancyhdr)                You might also make \topmargin smaller to compensate:
(fancyhdr)                \addtolength{\topmargin}{-2.49998pt}.

[215]

Package fancyhdr Warning: \headheight is too small (12.0pt): 
(fancyhdr)                Make it at least 14.49998pt, for example:
(fancyhdr)                \setlength{\headheight}{14.49998pt}.
(fancyhdr)                You might also make \topmargin smaller to compensate:
(fancyhdr)                \addtolength{\topmargin}{-2.49998pt}.

[216]

Package fancyhdr Warning: \headheight is too small (12.0pt): 
(fancyhdr)                Make it at least 14.49998pt, for example:
(fancyhdr)                \setlength{\headheight}{14.49998pt}.
(fancyhdr)                You might also make \topmargin smaller to compensate:
(fancyhdr)                \addtolength{\topmargin}{-2.49998pt}.

[217]

Package fancyhdr Warning: \headheight is too small (12.0pt): 
(fancyhdr)                Make it at least 14.49998pt, for example:
(fancyhdr)                \setlength{\headheight}{14.49998pt}.
(fancyhdr)                You might also make \topmargin smaller to compensate:
(fancyhdr)                \addtolength{\topmargin}{-2.49998pt}.

[218]

Package fancyhdr Warning: \headheight is too small (12.0pt): 
(fancyhdr)                Make it at least 14.49998pt, for example:
(fancyhdr)                \setlength{\headheight}{14.49998pt}.
(fancyhdr)                You might also make \topmargin smaller to compensate:
(fancyhdr)                \addtolength{\topmargin}{-2.49998pt}.

[219]

Package fancyhdr Warning: \headheight is too small (12.0pt): 
(fancyhdr)                Make it at least 14.49998pt, for example:
(fancyhdr)                \setlength{\headheight}{14.49998pt}.
(fancyhdr)                You might also make \topmargin smaller to compensate:
(fancyhdr)                \addtolength{\topmargin}{-2.49998pt}.

[220]
File: Chapters/pic/ch_线性回归和最小二乘法/三种方法可视化.png Graphic file (type bmp)
<Chapters/pic/ch_线性回归和最小二乘法/三种方法可视化.png>


Package hyperref Warning: Token not allowed in a PDF string (Unicode):
(hyperref)                removing `math shift' on input line 2833.


Package hyperref Warning: Token not allowed in a PDF string (Unicode):
(hyperref)                removing `math shift' on input line 2833.


Package fancyhdr Warning: \headheight is too small (12.0pt): 
(fancyhdr)                Make it at least 14.49998pt, for example:
(fancyhdr)                \setlength{\headheight}{14.49998pt}.
(fancyhdr)                You might also make \topmargin smaller to compensate:
(fancyhdr)                \addtolength{\topmargin}{-2.49998pt}.

[221]

Package fancyhdr Warning: \headheight is too small (12.0pt): 
(fancyhdr)                Make it at least 14.49998pt, for example:
(fancyhdr)                \setlength{\headheight}{14.49998pt}.
(fancyhdr)                You might also make \topmargin smaller to compensate:
(fancyhdr)                \addtolength{\topmargin}{-2.49998pt}.

[222]

Package fancyhdr Warning: \headheight is too small (12.0pt): 
(fancyhdr)                Make it at least 14.49998pt, for example:
(fancyhdr)                \setlength{\headheight}{14.49998pt}.
(fancyhdr)                You might also make \topmargin smaller to compensate:
(fancyhdr)                \addtolength{\topmargin}{-2.49998pt}.

[223]

Package hyperref Warning: Token not allowed in a PDF string (Unicode):
(hyperref)                removing `math shift' on input line 2915.


Package hyperref Warning: Token not allowed in a PDF string (Unicode):
(hyperref)                removing `subscript' on input line 2915.


Package hyperref Warning: Token not allowed in a PDF string (Unicode):
(hyperref)                removing `math shift' on input line 2915.


Package fancyhdr Warning: \headheight is too small (12.0pt): 
(fancyhdr)                Make it at least 14.49998pt, for example:
(fancyhdr)                \setlength{\headheight}{14.49998pt}.
(fancyhdr)                You might also make \topmargin smaller to compensate:
(fancyhdr)                \addtolength{\topmargin}{-2.49998pt}.

[224]
Underfull \hbox (badness 2837) in paragraph at lines 3001--3002
[]\TU/SimSun(0)/m/n/10.95 尖 峰\TU/lmr/m/n/10.95 -\TU/SimSun(0)/m/n/10.95 平 板 \TU/lmr/m/n/10.95 (spike-
 []


Package fancyhdr Warning: \headheight is too small (12.0pt): 
(fancyhdr)                Make it at least 14.49998pt, for example:
(fancyhdr)                \setlength{\headheight}{14.49998pt}.
(fancyhdr)                You might also make \topmargin smaller to compensate:
(fancyhdr)                \addtolength{\topmargin}{-2.49998pt}.

[225]

Package fancyhdr Warning: \headheight is too small (12.0pt): 
(fancyhdr)                Make it at least 14.49998pt, for example:
(fancyhdr)                \setlength{\headheight}{14.49998pt}.
(fancyhdr)                You might also make \topmargin smaller to compensate:
(fancyhdr)                \addtolength{\topmargin}{-2.49998pt}.

[226]
Missing character: There is no 离 (U+79BB) in font [lmroman12-regular]:mapping=tex-text;!
Missing character: There is no 散 (U+6563) in font [lmroman12-regular]:mapping=tex-text;!
Missing character: There is no ： (U+FF1A) in font [lmroman12-regular]:mapping=tex-text;!
Missing character: There is no 选 (U+9009) in font [lmroman12-regular]:mapping=tex-text;!
Missing character: There is no 不 (U+4E0D) in font [lmroman12-regular]:mapping=tex-text;!
Missing character: There is no 选 (U+9009) in font [lmroman12-regular]:mapping=tex-text;!
Missing character: There is no 连 (U+8FDE) in font [lmroman12-regular]:mapping=tex-text;!
Missing character: There is no 续 (U+7EED) in font [lmroman12-regular]:mapping=tex-text;!
Missing character: There is no ： (U+FF1A) in font [lmroman12-regular]:mapping=tex-text;!
Missing character: There is no 压 (U+538B) in font [lmroman12-regular]:mapping=tex-text;!
Missing character: There is no 缩 (U+7F29) in font [lmroman12-regular]:mapping=tex-text;!
Missing character: There is no 连 (U+8FDE) in font [lmroman12-regular]:mapping=tex-text;!
Missing character: There is no 续 (U+7EED) in font [lmroman12-regular]:mapping=tex-text;!
Missing character: There is no ： (U+FF1A) in font [lmroman12-regular]:mapping=tex-text;!
Missing character: There is no 压 (U+538B) in font [lmroman12-regular]:mapping=tex-text;!
Missing character: There is no 缩 (U+7F29) in font [lmroman12-regular]:mapping=tex-text;!
Missing character: There is no 置 (U+7F6E) in font [lmroman12-regular]:mapping=tex-text;!
Missing character: There is no 零 (U+96F6) in font [lmroman12-regular]:mapping=tex-text;!
Missing character: There is no 高 (U+9AD8) in font [lmroman12-regular]:mapping=tex-text;!
Missing character: There is no （ (U+FF08) in font [lmroman12-regular]:mapping=tex-text;!
Missing character: There is no 离 (U+79BB) in font [lmroman12-regular]:mapping=tex-text;!
Missing character: There is no 散 (U+6563) in font [lmroman12-regular]:mapping=tex-text;!
Missing character: There is no 决 (U+51B3) in font [lmroman12-regular]:mapping=tex-text;!
Missing character: There is no 策 (U+7B56) in font [lmroman12-regular]:mapping=tex-text;!
Missing character: There is no ） (U+FF09) in font [lmroman12-regular]:mapping=tex-text;!
Missing character: There is no 低 (U+4F4E) in font [lmroman12-regular]:mapping=tex-text;!
Missing character: There is no 中 (U+4E2D) in font [lmroman12-regular]:mapping=tex-text;!
Missing character: There is no 等 (U+7B49) in font [lmroman12-regular]:mapping=tex-text;!
Missing character: There is no 较 (U+8F83) in font [lmroman12-regular]:mapping=tex-text;!
Missing character: There is no 低 (U+4F4E) in font [lmroman12-regular]:mapping=tex-text;!
Missing character: There is no 有 (U+6709) in font [lmroman12-regular]:mapping=tex-text;!
Missing character: There is no 偏 (U+504F) in font [lmroman12-regular]:mapping=tex-text;!
Missing character: There is no 有 (U+6709) in font [lmroman12-regular]:mapping=tex-text;!
Missing character: There is no 偏 (U+504F) in font [lmroman12-regular]:mapping=tex-text;!
Missing character: There is no 不 (U+4E0D) in font [lmroman12-regular]:mapping=tex-text;!
Missing character: There is no 太 (U+592A) in font [lmroman12-regular]:mapping=tex-text;!
Missing character: There is no 大 (U+5927) in font [lmroman12-regular]:mapping=tex-text;!
Missing character: There is no 总 (U+603B) in font [lmroman12-regular]:mapping=tex-text;!
Missing character: There is no 是 (U+662F) in font [lmroman12-regular]:mapping=tex-text;!
Missing character: There is no 可 (U+53EF) in font [lmroman12-regular]:mapping=tex-text;!
Missing character: There is no 逆 (U+9006) in font [lmroman12-regular]:mapping=tex-text;!
Missing character: There is no 尖 (U+5C16) in font [lmroman12-regular]:mapping=tex-text;!
Missing character: There is no 峰 (U+5CF0) in font [lmroman12-regular]:mapping=tex-text;!
Missing character: There is no 先 (U+5148) in font [lmroman12-regular]:mapping=tex-text;!
Missing character: There is no 验 (U+9A8C) in font [lmroman12-regular]:mapping=tex-text;!
Missing character: There is no 高 (U+9AD8) in font [lmroman12-regular]:mapping=tex-text;!
Missing character: There is no 斯 (U+65AF) in font [lmroman12-regular]:mapping=tex-text;!
Missing character: There is no 先 (U+5148) in font [lmroman12-regular]:mapping=tex-text;!
Missing character: There is no 验 (U+9A8C) in font [lmroman12-regular]:mapping=tex-text;!
Missing character: There is no 拉 (U+62C9) in font [lmroman12-regular]:mapping=tex-text;!
Missing character: There is no 普 (U+666E) in font [lmroman12-regular]:mapping=tex-text;!
Missing character: There is no 拉 (U+62C9) in font [lmroman12-regular]:mapping=tex-text;!
Missing character: There is no 斯 (U+65AF) in font [lmroman12-regular]:mapping=tex-text;!
Missing character: There is no 先 (U+5148) in font [lmroman12-regular]:mapping=tex-text;!
Missing character: There is no 验 (U+9A8C) in font [lmroman12-regular]:mapping=tex-text;!

Underfull \vbox (badness 6001) has occurred while \output is active []



Package fancyhdr Warning: \headheight is too small (12.0pt): 
(fancyhdr)                Make it at least 14.49998pt, for example:
(fancyhdr)                \setlength{\headheight}{14.49998pt}.
(fancyhdr)                You might also make \topmargin smaller to compensate:
(fancyhdr)                \addtolength{\topmargin}{-2.49998pt}.

[227]

Package fancyhdr Warning: \headheight is too small (12.0pt): 
(fancyhdr)                Make it at least 14.49998pt, for example:
(fancyhdr)                \setlength{\headheight}{14.49998pt}.
(fancyhdr)                You might also make \topmargin smaller to compensate:
(fancyhdr)                \addtolength{\topmargin}{-2.49998pt}.

[228]

Package fancyhdr Warning: \headheight is too small (12.0pt): 
(fancyhdr)                Make it at least 14.49998pt, for example:
(fancyhdr)                \setlength{\headheight}{14.49998pt}.
(fancyhdr)                You might also make \topmargin smaller to compensate:
(fancyhdr)                \addtolength{\topmargin}{-2.49998pt}.

[229]

Package fancyhdr Warning: \headheight is too small (12.0pt): 
(fancyhdr)                Make it at least 14.49998pt, for example:
(fancyhdr)                \setlength{\headheight}{14.49998pt}.
(fancyhdr)                You might also make \topmargin smaller to compensate:
(fancyhdr)                \addtolength{\topmargin}{-2.49998pt}.

[230]
Overfull \hbox (33.56412pt too wide) detected at line 3298
\OMS/cmsy/m/n/12 k[][]k \OT1/cmr/m/n/12 = [] = [] \OMS/cmsy/m/n/12 ^^Y \OT1/cmr/m/n/12 2\OML/cmm/m/it/12 :\OT1/cmr/m/n/12 236\OML/cmm/m/it/12 ;  \OMS/cmsy/m/n/12 k[][]k \OT1/cmr/m/n/12 = [] = [] \OMS/cmsy/m/n/12 ^^Y \OT1/cmr/m/n/12 2\OML/cmm/m/it/12 :\OT1/cmr/m/n/12 449\OML/cmm/m/it/12 :
 []


Overfull \hbox (83.75032pt too wide) detected at line 3316
[] \OT1/cmr/m/n/12 = \OMS/cmsy/m/n/12 h[][]\OML/cmm/m/it/12 ; [][]\OMS/cmsy/m/n/12 i \OT1/cmr/m/n/12 = [] = [] = [] \OMS/cmsy/m/n/12 ^^Y \OT1/cmr/m/n/12 4\OML/cmm/m/it/12 :\OT1/cmr/m/n/12 47\OML/cmm/m/it/12 :
 []


Overfull \hbox (10.63997pt too wide) detected at line 3321
[] \OT1/cmr/m/n/12 = \OMS/cmsy/m/n/12 h[][]\OML/cmm/m/it/12 ; [][]\OMS/cmsy/m/n/12 i \OT1/cmr/m/n/12 = [] = [] = [] \OMS/cmsy/m/n/12 ^^Y \OT1/cmr/m/n/12 2\OML/cmm/m/it/12 :\OT1/cmr/m/n/12 45\OML/cmm/m/it/12 :
 []


Package fancyhdr Warning: \headheight is too small (12.0pt): 
(fancyhdr)                Make it at least 14.49998pt, for example:
(fancyhdr)                \setlength{\headheight}{14.49998pt}.
(fancyhdr)                You might also make \topmargin smaller to compensate:
(fancyhdr)                \addtolength{\topmargin}{-2.49998pt}.

[231]
Overfull \hbox (66.06644pt too wide) detected at line 3345
[] \OT1/cmr/m/n/12 = [] = [] = [] = [] \OMS/cmsy/m/n/12 ^^Y \OT1/cmr/m/n/12 0\OML/cmm/m/it/12 :\OT1/cmr/m/n/12 1264\OML/cmm/m/it/12 :
 []


Package fancyhdr Warning: \headheight is too small (12.0pt): 
(fancyhdr)                Make it at least 14.49998pt, for example:
(fancyhdr)                \setlength{\headheight}{14.49998pt}.
(fancyhdr)                You might also make \topmargin smaller to compensate:
(fancyhdr)                \addtolength{\topmargin}{-2.49998pt}.

[232]
Underfull \hbox (badness 5203) in paragraph at lines 3413--3414
[]$[][]$ \TU/SimSun(0)/m/n/12 与 $[]$ 相 关 $\OT1/cmr/m/n/12 0\OML/cmm/m/it/12 :\OT1/cmr/m/n/12 9$\TU/SimSun(0)/m/n/12 ，|  但
 []


Underfull \hbox (badness 10000) in paragraph at lines 3415--3417
[]$[][]$ \TU/SimSun(0)/m/n/12 方 差 极 大 但
 []


Underfull \hbox (badness 4792) in paragraph at lines 3415--3417
[]\OT1/cmr/m/n/12 ([][]\OML/cmm/m/it/12 ; []\OT1/cmr/m/n/12 ) \OMS/cmsy/m/n/12 ^^Y \OT1/cmr/m/n/12 0$\TU/SimSun(0)/m/n/12 ；|  这 个
 []


Package fancyhdr Warning: \headheight is too small (12.0pt): 
(fancyhdr)                Make it at least 14.49998pt, for example:
(fancyhdr)                \setlength{\headheight}{14.49998pt}.
(fancyhdr)                You might also make \topmargin smaller to compensate:
(fancyhdr)                \addtolength{\topmargin}{-2.49998pt}.

[233]

Package fancyhdr Warning: \headheight is too small (12.0pt): 
(fancyhdr)                Make it at least 14.49998pt, for example:
(fancyhdr)                \setlength{\headheight}{14.49998pt}.
(fancyhdr)                You might also make \topmargin smaller to compensate:
(fancyhdr)                \addtolength{\topmargin}{-2.49998pt}.

[234]

Package fancyhdr Warning: \headheight is too small (12.0pt): 
(fancyhdr)                Make it at least 14.49998pt, for example:
(fancyhdr)                \setlength{\headheight}{14.49998pt}.
(fancyhdr)                You might also make \topmargin smaller to compensate:
(fancyhdr)                \addtolength{\topmargin}{-2.49998pt}.

[235]

Package fancyhdr Warning: \headheight is too small (12.0pt): 
(fancyhdr)                Make it at least 14.49998pt, for example:
(fancyhdr)                \setlength{\headheight}{14.49998pt}.
(fancyhdr)                You might also make \topmargin smaller to compensate:
(fancyhdr)                \addtolength{\topmargin}{-2.49998pt}.

[236]
Underfull \hbox (badness 10000) in paragraph at lines 3618--3618
[]\TU/SimSun(0)/b/n/12 误 差 结 构
 []


Overfull \hbox (21.77357pt too wide) in paragraph at lines 3601--3627
 [] 
 []


Package fancyhdr Warning: \headheight is too small (12.0pt): 
(fancyhdr)                Make it at least 14.49998pt, for example:
(fancyhdr)                \setlength{\headheight}{14.49998pt}.
(fancyhdr)                You might also make \topmargin smaller to compensate:
(fancyhdr)                \addtolength{\topmargin}{-2.49998pt}.

[237]
Overfull \hbox (260.84756pt too wide) detected at line 3735
[][] \OT1/cmr/m/n/12 = [] = [] [] = [] \OML/cmm/m/it/12 :
 []


Package fancyhdr Warning: \headheight is too small (12.0pt): 
(fancyhdr)                Make it at least 14.49998pt, for example:
(fancyhdr)                \setlength{\headheight}{14.49998pt}.
(fancyhdr)                You might also make \topmargin smaller to compensate:
(fancyhdr)                \addtolength{\topmargin}{-2.49998pt}.

[238]

Package fancyhdr Warning: \headheight is too small (12.0pt): 
(fancyhdr)                Make it at least 14.49998pt, for example:
(fancyhdr)                \setlength{\headheight}{14.49998pt}.
(fancyhdr)                You might also make \topmargin smaller to compensate:
(fancyhdr)                \addtolength{\topmargin}{-2.49998pt}.

[239]

Package fancyhdr Warning: \headheight is too small (12.0pt): 
(fancyhdr)                Make it at least 14.49998pt, for example:
(fancyhdr)                \setlength{\headheight}{14.49998pt}.
(fancyhdr)                You might also make \topmargin smaller to compensate:
(fancyhdr)                \addtolength{\topmargin}{-2.49998pt}.

[240]

Package fancyhdr Warning: \headheight is too small (12.0pt): 
(fancyhdr)                Make it at least 14.49998pt, for example:
(fancyhdr)                \setlength{\headheight}{14.49998pt}.
(fancyhdr)                You might also make \topmargin smaller to compensate:
(fancyhdr)                \addtolength{\topmargin}{-2.49998pt}.

[241]

Package fancyhdr Warning: \headheight is too small (12.0pt): 
(fancyhdr)                Make it at least 14.49998pt, for example:
(fancyhdr)                \setlength{\headheight}{14.49998pt}.
(fancyhdr)                You might also make \topmargin smaller to compensate:
(fancyhdr)                \addtolength{\topmargin}{-2.49998pt}.

[242]

Package fancyhdr Warning: \headheight is too small (12.0pt): 
(fancyhdr)                Make it at least 14.49998pt, for example:
(fancyhdr)                \setlength{\headheight}{14.49998pt}.
(fancyhdr)                You might also make \topmargin smaller to compensate:
(fancyhdr)                \addtolength{\topmargin}{-2.49998pt}.

[243]
Underfull \hbox (badness 10000) in paragraph at lines 4119--4120
[]\TU/SimSun(0)/m/n/12 典 型 变 量 对
 []


Underfull \hbox (badness 10000) in paragraph at lines 4119--4120
\OT1/cmr/m/n/12 ([][][]\OML/cmm/m/it/12 ;  [][][]\OT1/cmr/m/n/12 )$\TU/SimSun(0)/m/n/12 ，|  典 型
 []


Overfull \hbox (62.22635pt too wide) in paragraph at lines 4107--4135
 [] 
 []


Package fancyhdr Warning: \headheight is too small (12.0pt): 
(fancyhdr)                Make it at least 14.49998pt, for example:
(fancyhdr)                \setlength{\headheight}{14.49998pt}.
(fancyhdr)                You might also make \topmargin smaller to compensate:
(fancyhdr)                \addtolength{\topmargin}{-2.49998pt}.

[244]

Package fancyhdr Warning: \headheight is too small (12.0pt): 
(fancyhdr)                Make it at least 14.49998pt, for example:
(fancyhdr)                \setlength{\headheight}{14.49998pt}.
(fancyhdr)                You might also make \topmargin smaller to compensate:
(fancyhdr)                \addtolength{\topmargin}{-2.49998pt}.

[245]
Overfull \hbox (11.66472pt too wide) in paragraph at lines 4162--4173
 [] 
 []


Package fancyhdr Warning: \headheight is too small (12.0pt): 
(fancyhdr)                Make it at least 14.49998pt, for example:
(fancyhdr)                \setlength{\headheight}{14.49998pt}.
(fancyhdr)                You might also make \topmargin smaller to compensate:
(fancyhdr)                \addtolength{\topmargin}{-2.49998pt}.

[246]

Package fancyhdr Warning: \headheight is too small (12.0pt): 
(fancyhdr)                Make it at least 14.49998pt, for example:
(fancyhdr)                \setlength{\headheight}{14.49998pt}.
(fancyhdr)                You might also make \topmargin smaller to compensate:
(fancyhdr)                \addtolength{\topmargin}{-2.49998pt}.

[247]
Overfull \hbox (64.14432pt too wide) in paragraph at lines 4306--4316
 [] 
 []


Package fancyhdr Warning: \headheight is too small (12.0pt): 
(fancyhdr)                Make it at least 14.49998pt, for example:
(fancyhdr)                \setlength{\headheight}{14.49998pt}.
(fancyhdr)                You might also make \topmargin smaller to compensate:
(fancyhdr)                \addtolength{\topmargin}{-2.49998pt}.

[248]

Package fancyhdr Warning: \headheight is too small (12.0pt): 
(fancyhdr)                Make it at least 14.49998pt, for example:
(fancyhdr)                \setlength{\headheight}{14.49998pt}.
(fancyhdr)                You might also make \topmargin smaller to compensate:
(fancyhdr)                \addtolength{\topmargin}{-2.49998pt}.

[249]

Package fancyhdr Warning: \headheight is too small (12.0pt): 
(fancyhdr)                Make it at least 14.49998pt, for example:
(fancyhdr)                \setlength{\headheight}{14.49998pt}.
(fancyhdr)                You might also make \topmargin smaller to compensate:
(fancyhdr)                \addtolength{\topmargin}{-2.49998pt}.

[250]
Underfull \vbox (badness 10000) has occurred while \output is active []



Package fancyhdr Warning: \headheight is too small (12.0pt): 
(fancyhdr)                Make it at least 14.49998pt, for example:
(fancyhdr)                \setlength{\headheight}{14.49998pt}.
(fancyhdr)                You might also make \topmargin smaller to compensate:
(fancyhdr)                \addtolength{\topmargin}{-2.49998pt}.

[251]
Underfull \vbox (badness 10000) has occurred while \output is active []



Package fancyhdr Warning: \headheight is too small (12.0pt): 
(fancyhdr)                Make it at least 14.49998pt, for example:
(fancyhdr)                \setlength{\headheight}{14.49998pt}.
(fancyhdr)                You might also make \topmargin smaller to compensate:
(fancyhdr)                \addtolength{\topmargin}{-2.49998pt}.

[252]

Package fancyhdr Warning: \headheight is too small (12.0pt): 
(fancyhdr)                Make it at least 14.49998pt, for example:
(fancyhdr)                \setlength{\headheight}{14.49998pt}.
(fancyhdr)                You might also make \topmargin smaller to compensate:
(fancyhdr)                \addtolength{\topmargin}{-2.49998pt}.

[253]

Package fancyhdr Warning: \headheight is too small (12.0pt): 
(fancyhdr)                Make it at least 14.49998pt, for example:
(fancyhdr)                \setlength{\headheight}{14.49998pt}.
(fancyhdr)                You might also make \topmargin smaller to compensate:
(fancyhdr)                \addtolength{\topmargin}{-2.49998pt}.

[254]) (./Chapters/ch_分类的线性方法.tex

Package fancyhdr Warning: \headheight is too small (12.0pt): 
(fancyhdr)                Make it at least 14.49998pt, for example:
(fancyhdr)                \setlength{\headheight}{14.49998pt}.
(fancyhdr)                You might also make \topmargin smaller to compensate:
(fancyhdr)                \addtolength{\topmargin}{-2.49998pt}.

[255]

Package fancyhdr Warning: \headheight is too small (12.0pt): 
(fancyhdr)                Make it at least 14.49998pt, for example:
(fancyhdr)                \setlength{\headheight}{14.49998pt}.
(fancyhdr)                You might also make \topmargin smaller to compensate:
(fancyhdr)                \addtolength{\topmargin}{-2.49998pt}.

[256

]
第十二章
[257]

Package fancyhdr Warning: \headheight is too small (12.0pt): 
(fancyhdr)                Make it at least 14.49998pt, for example:
(fancyhdr)                \setlength{\headheight}{14.49998pt}.
(fancyhdr)                You might also make \topmargin smaller to compensate:
(fancyhdr)                \addtolength{\topmargin}{-2.49998pt}.

[258]

Package fancyhdr Warning: \headheight is too small (12.0pt): 
(fancyhdr)                Make it at least 14.49998pt, for example:
(fancyhdr)                \setlength{\headheight}{14.49998pt}.
(fancyhdr)                You might also make \topmargin smaller to compensate:
(fancyhdr)                \addtolength{\topmargin}{-2.49998pt}.

[259]

Package fancyhdr Warning: \headheight is too small (12.0pt): 
(fancyhdr)                Make it at least 14.49998pt, for example:
(fancyhdr)                \setlength{\headheight}{14.49998pt}.
(fancyhdr)                You might also make \topmargin smaller to compensate:
(fancyhdr)                \addtolength{\topmargin}{-2.49998pt}.

[260]
Overfull \hbox (17.58679pt too wide) in paragraph at lines 245--247
[]\TU/SimSun(0)/b/n/12 选 定 模 型 族\TU/SimSun(0)/m/n/12 ：|  假 设 $\OML/cmm/m/it/12 ^^N[]$ \TU/SimSun(0)/m/n/12 具 有 某 种 参 数 化 形 式 $\OML/cmm/m/it/12 ^^N[]\OT1/cmr/m/n/12 (\OML/cmm/m/it/12 x\OT1/cmr/m/n/12 ; \OML/cmm/m/it/12 ^^R\OT1/cmr/m/n/12 )$\TU/SimSun(0)/m/n/12 ，|  例 如 \TU/lmr/m/n/12 Logistic \TU/SimSun(0)/m/n/12 回 归 假 设 $[] [] \OT1/cmr/m/n/12 =
 []


Overfull \hbox (71.0407pt too wide) in paragraph at lines 255--264
 [] 
 []


Package fancyhdr Warning: \headheight is too small (12.0pt): 
(fancyhdr)                Make it at least 14.49998pt, for example:
(fancyhdr)                \setlength{\headheight}{14.49998pt}.
(fancyhdr)                You might also make \topmargin smaller to compensate:
(fancyhdr)                \addtolength{\topmargin}{-2.49998pt}.

[261]

Package fancyhdr Warning: \headheight is too small (12.0pt): 
(fancyhdr)                Make it at least 14.49998pt, for example:
(fancyhdr)                \setlength{\headheight}{14.49998pt}.
(fancyhdr)                You might also make \topmargin smaller to compensate:
(fancyhdr)                \addtolength{\topmargin}{-2.49998pt}.

[262]
Missing character: There is no ， (U+FF0C) in font [lmroman12-regular]:mapping=tex-text;!

Package hyperref Warning: Token not allowed in a PDF string (Unicode):
(hyperref)                removing `math shift' on input line 354.


Package hyperref Warning: Token not allowed in a PDF string (Unicode):
(hyperref)                removing `math shift' on input line 354.


Package fancyhdr Warning: \headheight is too small (12.0pt): 
(fancyhdr)                Make it at least 14.49998pt, for example:
(fancyhdr)                \setlength{\headheight}{14.49998pt}.
(fancyhdr)                You might also make \topmargin smaller to compensate:
(fancyhdr)                \addtolength{\topmargin}{-2.49998pt}.

[263]

Package fancyhdr Warning: \headheight is too small (12.0pt): 
(fancyhdr)                Make it at least 14.49998pt, for example:
(fancyhdr)                \setlength{\headheight}{14.49998pt}.
(fancyhdr)                You might also make \topmargin smaller to compensate:
(fancyhdr)                \addtolength{\topmargin}{-2.49998pt}.

[264]

Package hyperref Warning: Token not allowed in a PDF string (Unicode):
(hyperref)                removing `math shift' on input line 430.


Package hyperref Warning: Token not allowed in a PDF string (Unicode):
(hyperref)                removing `\leavevmode@ifvmode' on input line 430.


Package hyperref Warning: Token not allowed in a PDF string (Unicode):
(hyperref)                \kern 3.33234pt
(hyperref)                removed on input line 430.


Package hyperref Warning: Token not allowed in a PDF string (Unicode):
(hyperref)                removing `\leavevmode@ifvmode' on input line 430.


Package hyperref Warning: Token not allowed in a PDF string (Unicode):
(hyperref)                \kern 3.33234pt
(hyperref)                removed on input line 430.


Package hyperref Warning: Token not allowed in a PDF string (Unicode):
(hyperref)                removing `math shift' on input line 430.


Package fancyhdr Warning: \headheight is too small (12.0pt): 
(fancyhdr)                Make it at least 14.49998pt, for example:
(fancyhdr)                \setlength{\headheight}{14.49998pt}.
(fancyhdr)                You might also make \topmargin smaller to compensate:
(fancyhdr)                \addtolength{\topmargin}{-2.49998pt}.

[265]
Missing character: There is no ✓ (U+2713) in font [lmroman12-regular]:mapping=tex-text;!

Package fancyhdr Warning: \headheight is too small (12.0pt): 
(fancyhdr)                Make it at least 14.49998pt, for example:
(fancyhdr)                \setlength{\headheight}{14.49998pt}.
(fancyhdr)                You might also make \topmargin smaller to compensate:
(fancyhdr)                \addtolength{\topmargin}{-2.49998pt}.

[266]

Package hyperref Warning: Token not allowed in a PDF string (Unicode):
(hyperref)                removing `math shift' on input line 597.


Package hyperref Warning: Token not allowed in a PDF string (Unicode):
(hyperref)                removing `\leavevmode@ifvmode' on input line 597.


Package hyperref Warning: Token not allowed in a PDF string (Unicode):
(hyperref)                \kern 3.33234pt
(hyperref)                removed on input line 597.


Package hyperref Warning: Token not allowed in a PDF string (Unicode):
(hyperref)                removing `\leavevmode@ifvmode' on input line 597.


Package hyperref Warning: Token not allowed in a PDF string (Unicode):
(hyperref)                \kern 3.33234pt
(hyperref)                removed on input line 597.


Package hyperref Warning: Token not allowed in a PDF string (Unicode):
(hyperref)                removing `math shift' on input line 597.


Package fancyhdr Warning: \headheight is too small (12.0pt): 
(fancyhdr)                Make it at least 14.49998pt, for example:
(fancyhdr)                \setlength{\headheight}{14.49998pt}.
(fancyhdr)                You might also make \topmargin smaller to compensate:
(fancyhdr)                \addtolength{\topmargin}{-2.49998pt}.

[267]
Missing character: There is no ✓ (U+2713) in font [lmroman12-regular]:mapping=tex-text;!

Package fancyhdr Warning: \headheight is too small (12.0pt): 
(fancyhdr)                Make it at least 14.49998pt, for example:
(fancyhdr)                \setlength{\headheight}{14.49998pt}.
(fancyhdr)                You might also make \topmargin smaller to compensate:
(fancyhdr)                \addtolength{\topmargin}{-2.49998pt}.

[268]
Missing character: There is no ⋯ (U+22EF) in font [lmroman12-regular]:mapping=tex-text;!

Overfull \hbox (42.38623pt too wide) in paragraph at lines 781--790
 [] 
 []


Package fancyhdr Warning: \headheight is too small (12.0pt): 
(fancyhdr)                Make it at least 14.49998pt, for example:
(fancyhdr)                \setlength{\headheight}{14.49998pt}.
(fancyhdr)                You might also make \topmargin smaller to compensate:
(fancyhdr)                \addtolength{\topmargin}{-2.49998pt}.

[269]
Overfull \hbox (71.82303pt too wide) detected at line 818
[][]
 []


Overfull \hbox (22.8616pt too wide) detected at line 836
[] \OT1/cmr/m/n/12 = 4\OML/cmm/m/it/12 :\OT1/cmr/m/n/12 2\OML/cmm/m/it/12 ;  [][]
 []


Package fancyhdr Warning: \headheight is too small (12.0pt): 
(fancyhdr)                Make it at least 14.49998pt, for example:
(fancyhdr)                \setlength{\headheight}{14.49998pt}.
(fancyhdr)                You might also make \topmargin smaller to compensate:
(fancyhdr)                \addtolength{\topmargin}{-2.49998pt}.

[270]

Package fancyhdr Warning: \headheight is too small (12.0pt): 
(fancyhdr)                Make it at least 14.49998pt, for example:
(fancyhdr)                \setlength{\headheight}{14.49998pt}.
(fancyhdr)                You might also make \topmargin smaller to compensate:
(fancyhdr)                \addtolength{\topmargin}{-2.49998pt}.

[271]

Package fancyhdr Warning: \headheight is too small (12.0pt): 
(fancyhdr)                Make it at least 14.49998pt, for example:
(fancyhdr)                \setlength{\headheight}{14.49998pt}.
(fancyhdr)                You might also make \topmargin smaller to compensate:
(fancyhdr)                \addtolength{\topmargin}{-2.49998pt}.

[272]

Package fancyhdr Warning: \headheight is too small (12.0pt): 
(fancyhdr)                Make it at least 14.49998pt, for example:
(fancyhdr)                \setlength{\headheight}{14.49998pt}.
(fancyhdr)                You might also make \topmargin smaller to compensate:
(fancyhdr)                \addtolength{\topmargin}{-2.49998pt}.

[273]

Package fancyhdr Warning: \headheight is too small (12.0pt): 
(fancyhdr)                Make it at least 14.49998pt, for example:
(fancyhdr)                \setlength{\headheight}{14.49998pt}.
(fancyhdr)                You might also make \topmargin smaller to compensate:
(fancyhdr)                \addtolength{\topmargin}{-2.49998pt}.

[274]

Package fancyhdr Warning: \headheight is too small (12.0pt): 
(fancyhdr)                Make it at least 14.49998pt, for example:
(fancyhdr)                \setlength{\headheight}{14.49998pt}.
(fancyhdr)                You might also make \topmargin smaller to compensate:
(fancyhdr)                \addtolength{\topmargin}{-2.49998pt}.

[275]

Package fancyhdr Warning: \headheight is too small (12.0pt): 
(fancyhdr)                Make it at least 14.49998pt, for example:
(fancyhdr)                \setlength{\headheight}{14.49998pt}.
(fancyhdr)                You might also make \topmargin smaller to compensate:
(fancyhdr)                \addtolength{\topmargin}{-2.49998pt}.

[276]

Package fancyhdr Warning: \headheight is too small (12.0pt): 
(fancyhdr)                Make it at least 14.49998pt, for example:
(fancyhdr)                \setlength{\headheight}{14.49998pt}.
(fancyhdr)                You might also make \topmargin smaller to compensate:
(fancyhdr)                \addtolength{\topmargin}{-2.49998pt}.

[277]

Package fancyhdr Warning: \headheight is too small (12.0pt): 
(fancyhdr)                Make it at least 14.49998pt, for example:
(fancyhdr)                \setlength{\headheight}{14.49998pt}.
(fancyhdr)                You might also make \topmargin smaller to compensate:
(fancyhdr)                \addtolength{\topmargin}{-2.49998pt}.

[278]

Package fancyhdr Warning: \headheight is too small (12.0pt): 
(fancyhdr)                Make it at least 14.49998pt, for example:
(fancyhdr)                \setlength{\headheight}{14.49998pt}.
(fancyhdr)                You might also make \topmargin smaller to compensate:
(fancyhdr)                \addtolength{\topmargin}{-2.49998pt}.

[279]
File: Chapters/pic/ch_分类的线性方法/Fisher方法.png Graphic file (type bmp)
<Chapters/pic/ch_分类的线性方法/Fisher方法.png>


Package fancyhdr Warning: \headheight is too small (12.0pt): 
(fancyhdr)                Make it at least 14.49998pt, for example:
(fancyhdr)                \setlength{\headheight}{14.49998pt}.
(fancyhdr)                You might also make \topmargin smaller to compensate:
(fancyhdr)                \addtolength{\topmargin}{-2.49998pt}.

[280]

Package fancyhdr Warning: \headheight is too small (12.0pt): 
(fancyhdr)                Make it at least 14.49998pt, for example:
(fancyhdr)                \setlength{\headheight}{14.49998pt}.
(fancyhdr)                You might also make \topmargin smaller to compensate:
(fancyhdr)                \addtolength{\topmargin}{-2.49998pt}.

[281]
Overfull \hbox (95.02794pt too wide) in paragraph at lines 1464--1474
 [] 
 []


Package fancyhdr Warning: \headheight is too small (12.0pt): 
(fancyhdr)                Make it at least 14.49998pt, for example:
(fancyhdr)                \setlength{\headheight}{14.49998pt}.
(fancyhdr)                You might also make \topmargin smaller to compensate:
(fancyhdr)                \addtolength{\topmargin}{-2.49998pt}.

[282]

Package hyperref Warning: Token not allowed in a PDF string (Unicode):
(hyperref)                removing `math shift' on input line 1496.


Package hyperref Warning: Token not allowed in a PDF string (Unicode):
(hyperref)                removing `superscript' on input line 1496.


Package hyperref Warning: Token not allowed in a PDF string (Unicode):
(hyperref)                removing `math shift' on input line 1496.


Package hyperref Warning: Token not allowed in a PDF string (Unicode):
(hyperref)                removing `math shift' on input line 1500.


Package hyperref Warning: Token not allowed in a PDF string (Unicode):
(hyperref)                removing `superscript' on input line 1500.


Package hyperref Warning: Token not allowed in a PDF string (Unicode):
(hyperref)                removing `math shift' on input line 1500.


Package fancyhdr Warning: \headheight is too small (12.0pt): 
(fancyhdr)                Make it at least 14.49998pt, for example:
(fancyhdr)                \setlength{\headheight}{14.49998pt}.
(fancyhdr)                You might also make \topmargin smaller to compensate:
(fancyhdr)                \addtolength{\topmargin}{-2.49998pt}.

[283]

Package hyperref Warning: Token not allowed in a PDF string (Unicode):
(hyperref)                removing `math shift' on input line 1515.


Package hyperref Warning: Token not allowed in a PDF string (Unicode):
(hyperref)                removing `superscript' on input line 1515.


Package hyperref Warning: Token not allowed in a PDF string (Unicode):
(hyperref)                removing `math shift' on input line 1515.


Package fancyhdr Warning: \headheight is too small (12.0pt): 
(fancyhdr)                Make it at least 14.49998pt, for example:
(fancyhdr)                \setlength{\headheight}{14.49998pt}.
(fancyhdr)                You might also make \topmargin smaller to compensate:
(fancyhdr)                \addtolength{\topmargin}{-2.49998pt}.

[284]

Package fancyhdr Warning: \headheight is too small (12.0pt): 
(fancyhdr)                Make it at least 14.49998pt, for example:
(fancyhdr)                \setlength{\headheight}{14.49998pt}.
(fancyhdr)                You might also make \topmargin smaller to compensate:
(fancyhdr)                \addtolength{\topmargin}{-2.49998pt}.

[285]
Overfull \hbox (63.30873pt too wide) in paragraph at lines 1637--1639
\TU/SimSun(0)/m/n/12 且 $[]\OT1/cmr/m/n/12 (\OML/cmm/m/it/12 G \OT1/cmr/m/n/12 = \OML/cmm/m/it/12 K \OMS/cmsy/m/n/12 j \OML/cmm/m/it/12 X \OT1/cmr/m/n/12 = \OML/cmm/m/it/12 x\OT1/cmr/m/n/12 ) = 1/[]1 + [][] [](\OML/cmm/m/it/12 ^^L[] \OT1/cmr/m/n/12 + \OML/cmm/m/it/12 ^^L[]x\OT1/cmr/m/n/12 )[]$\TU/SimSun(0)/m/n/12 。|  记 全 部 参 数 为 $\OML/cmm/m/it/12 ^^R \OT1/cmr/m/n/12 = \OMS/cmsy/m/n/12 f\OML/cmm/m/it/12 ^^L[]; ^^L[]; [] ; ^^L[]; ^^L[]\OMS/cmsy/m/n/12 g$\TU/SimSun(0)/m/n/12 ，|
 []


Package fancyhdr Warning: \headheight is too small (12.0pt): 
(fancyhdr)                Make it at least 14.49998pt, for example:
(fancyhdr)                \setlength{\headheight}{14.49998pt}.
(fancyhdr)                You might also make \topmargin smaller to compensate:
(fancyhdr)                \addtolength{\topmargin}{-2.49998pt}.

[286]

Package fancyhdr Warning: \headheight is too small (12.0pt): 
(fancyhdr)                Make it at least 14.49998pt, for example:
(fancyhdr)                \setlength{\headheight}{14.49998pt}.
(fancyhdr)                You might also make \topmargin smaller to compensate:
(fancyhdr)                \addtolength{\topmargin}{-2.49998pt}.

[287]

Package fancyhdr Warning: \headheight is too small (12.0pt): 
(fancyhdr)                Make it at least 14.49998pt, for example:
(fancyhdr)                \setlength{\headheight}{14.49998pt}.
(fancyhdr)                You might also make \topmargin smaller to compensate:
(fancyhdr)                \addtolength{\topmargin}{-2.49998pt}.

[288]

Package fancyhdr Warning: \headheight is too small (12.0pt): 
(fancyhdr)                Make it at least 14.49998pt, for example:
(fancyhdr)                \setlength{\headheight}{14.49998pt}.
(fancyhdr)                You might also make \topmargin smaller to compensate:
(fancyhdr)                \addtolength{\topmargin}{-2.49998pt}.

[289]

Package fancyhdr Warning: \headheight is too small (12.0pt): 
(fancyhdr)                Make it at least 14.49998pt, for example:
(fancyhdr)                \setlength{\headheight}{14.49998pt}.
(fancyhdr)                You might also make \topmargin smaller to compensate:
(fancyhdr)                \addtolength{\topmargin}{-2.49998pt}.

[290]

Package hyperref Warning: Token not allowed in a PDF string (Unicode):
(hyperref)                removing `math shift' on input line 1861.


Package hyperref Warning: Token not allowed in a PDF string (Unicode):
(hyperref)                removing `subscript' on input line 1861.


Package hyperref Warning: Token not allowed in a PDF string (Unicode):
(hyperref)                removing `math shift' on input line 1861.


Package fancyhdr Warning: \headheight is too small (12.0pt): 
(fancyhdr)                Make it at least 14.49998pt, for example:
(fancyhdr)                \setlength{\headheight}{14.49998pt}.
(fancyhdr)                You might also make \topmargin smaller to compensate:
(fancyhdr)                \addtolength{\topmargin}{-2.49998pt}.

[291]
Overfull \hbox (49.00978pt too wide) in paragraph at lines 1920--1933
 [] 
 []


Package fancyhdr Warning: \headheight is too small (12.0pt): 
(fancyhdr)                Make it at least 14.49998pt, for example:
(fancyhdr)                \setlength{\headheight}{14.49998pt}.
(fancyhdr)                You might also make \topmargin smaller to compensate:
(fancyhdr)                \addtolength{\topmargin}{-2.49998pt}.

[292]

Package fancyhdr Warning: \headheight is too small (12.0pt): 
(fancyhdr)                Make it at least 14.49998pt, for example:
(fancyhdr)                \setlength{\headheight}{14.49998pt}.
(fancyhdr)                You might also make \topmargin smaller to compensate:
(fancyhdr)                \addtolength{\topmargin}{-2.49998pt}.

[293]

Package fancyhdr Warning: \headheight is too small (12.0pt): 
(fancyhdr)                Make it at least 14.49998pt, for example:
(fancyhdr)                \setlength{\headheight}{14.49998pt}.
(fancyhdr)                You might also make \topmargin smaller to compensate:
(fancyhdr)                \addtolength{\topmargin}{-2.49998pt}.

[294]

Package fancyhdr Warning: \headheight is too small (12.0pt): 
(fancyhdr)                Make it at least 14.49998pt, for example:
(fancyhdr)                \setlength{\headheight}{14.49998pt}.
(fancyhdr)                You might also make \topmargin smaller to compensate:
(fancyhdr)                \addtolength{\topmargin}{-2.49998pt}.

[295]

Package fancyhdr Warning: \headheight is too small (12.0pt): 
(fancyhdr)                Make it at least 14.49998pt, for example:
(fancyhdr)                \setlength{\headheight}{14.49998pt}.
(fancyhdr)                You might also make \topmargin smaller to compensate:
(fancyhdr)                \addtolength{\topmargin}{-2.49998pt}.

[296]
Overfull \hbox (155.94502pt too wide) detected at line 2179
[]
 []


Overfull \hbox (4.60826pt too wide) detected at line 2179
[]
 []


Overfull \hbox (3.43607pt too wide) detected at line 2179
[]
 []


Overfull \hbox (38.29712pt too wide) detected at line 2179
[]
 []

) (./Chapters/ch_基展开与正则化.tex

Package fancyhdr Warning: \headheight is too small (12.0pt): 
(fancyhdr)                Make it at least 14.49998pt, for example:
(fancyhdr)                \setlength{\headheight}{14.49998pt}.
(fancyhdr)                You might also make \topmargin smaller to compensate:
(fancyhdr)                \addtolength{\topmargin}{-2.49998pt}.

[297]

Package fancyhdr Warning: \headheight is too small (12.0pt): 
(fancyhdr)                Make it at least 14.49998pt, for example:
(fancyhdr)                \setlength{\headheight}{14.49998pt}.
(fancyhdr)                You might also make \topmargin smaller to compensate:
(fancyhdr)                \addtolength{\topmargin}{-2.49998pt}.

[298

]
第十三章

Underfull \vbox (badness 10000) has occurred while \output is active []

 [299]

Package fancyhdr Warning: \headheight is too small (12.0pt): 
(fancyhdr)                Make it at least 14.49998pt, for example:
(fancyhdr)                \setlength{\headheight}{14.49998pt}.
(fancyhdr)                You might also make \topmargin smaller to compensate:
(fancyhdr)                \addtolength{\topmargin}{-2.49998pt}.

[300]
File: Chapters/pic/ch_基展开和正则化/figure_5_1.png Graphic file (type bmp)
<Chapters/pic/ch_基展开和正则化/figure_5_1.png>


Package fancyhdr Warning: \headheight is too small (12.0pt): 
(fancyhdr)                Make it at least 14.49998pt, for example:
(fancyhdr)                \setlength{\headheight}{14.49998pt}.
(fancyhdr)                You might also make \topmargin smaller to compensate:
(fancyhdr)                \addtolength{\topmargin}{-2.49998pt}.

[301]

Package fancyhdr Warning: \headheight is too small (12.0pt): 
(fancyhdr)                Make it at least 14.49998pt, for example:
(fancyhdr)                \setlength{\headheight}{14.49998pt}.
(fancyhdr)                You might also make \topmargin smaller to compensate:
(fancyhdr)                \addtolength{\topmargin}{-2.49998pt}.

[302]
File: Chapters/pic/ch_基展开和正则化/figure_5_2.png Graphic file (type bmp)
<Chapters/pic/ch_基展开和正则化/figure_5_2.png>


Package fancyhdr Warning: \headheight is too small (12.0pt): 
(fancyhdr)                Make it at least 14.49998pt, for example:
(fancyhdr)                \setlength{\headheight}{14.49998pt}.
(fancyhdr)                You might also make \topmargin smaller to compensate:
(fancyhdr)                \addtolength{\topmargin}{-2.49998pt}.

[303]

Package fancyhdr Warning: \headheight is too small (12.0pt): 
(fancyhdr)                Make it at least 14.49998pt, for example:
(fancyhdr)                \setlength{\headheight}{14.49998pt}.
(fancyhdr)                You might also make \topmargin smaller to compensate:
(fancyhdr)                \addtolength{\topmargin}{-2.49998pt}.

[304]
Overfull \hbox (40.80405pt too wide) in paragraph at lines 196--197
\TU/SimSun(0)/m/n/12 数：|  输 入 向 量 $\OML/cmm/m/it/12 x$\TU/SimSun(0)/m/n/12 ，|  输 出 $\OML/cmm/m/it/12 N \OMS/cmsy/m/n/12 ^^B \OT1/cmr/m/n/12 7$ \TU/SimSun(0)/m/n/12 的 \TU/lmr/m/n/12 B-\TU/SimSun(0)/m/n/12 样 条 基 矩 阵。| \TU/lmr/m/n/12 Python \TU/SimSun(0)/m/n/12 中 类 似 功 能 由 \TU/lmtt/m/n/12 scipy.interpolate.BSpline
 []

Missing character: There is no ≈ (U+2248) in font [lmroman12-regular]:mapping=tex-text;!

Package fancyhdr Warning: \headheight is too small (12.0pt): 
(fancyhdr)                Make it at least 14.49998pt, for example:
(fancyhdr)                \setlength{\headheight}{14.49998pt}.
(fancyhdr)                You might also make \topmargin smaller to compensate:
(fancyhdr)                \addtolength{\topmargin}{-2.49998pt}.

[305]

Package fancyhdr Warning: \headheight is too small (12.0pt): 
(fancyhdr)                Make it at least 14.49998pt, for example:
(fancyhdr)                \setlength{\headheight}{14.49998pt}.
(fancyhdr)                You might also make \topmargin smaller to compensate:
(fancyhdr)                \addtolength{\topmargin}{-2.49998pt}.

[306]

Package fancyhdr Warning: \headheight is too small (12.0pt): 
(fancyhdr)                Make it at least 14.49998pt, for example:
(fancyhdr)                \setlength{\headheight}{14.49998pt}.
(fancyhdr)                You might also make \topmargin smaller to compensate:
(fancyhdr)                \addtolength{\topmargin}{-2.49998pt}.

[307]
Overfull \hbox (42.04288pt too wide) in paragraph at lines 330--345
 [] 
 []


Package fancyhdr Warning: \headheight is too small (12.0pt): 
(fancyhdr)                Make it at least 14.49998pt, for example:
(fancyhdr)                \setlength{\headheight}{14.49998pt}.
(fancyhdr)                You might also make \topmargin smaller to compensate:
(fancyhdr)                \addtolength{\topmargin}{-2.49998pt}.

[308]

Package fancyhdr Warning: \headheight is too small (12.0pt): 
(fancyhdr)                Make it at least 14.49998pt, for example:
(fancyhdr)                \setlength{\headheight}{14.49998pt}.
(fancyhdr)                You might also make \topmargin smaller to compensate:
(fancyhdr)                \addtolength{\topmargin}{-2.49998pt}.

[309]
File: Chapters/pic/ch_基展开和正则化/figure_5_4.png Graphic file (type bmp)
<Chapters/pic/ch_基展开和正则化/figure_5_4.png>

Missing character: There is no ⇒ (U+21D2) in font [lmroman12-regular]:mapping=tex-text;!
File: Chapters/pic/ch_基展开和正则化/table_5_1.png Graphic file (type bmp)
<Chapters/pic/ch_基展开和正则化/table_5_1.png>

Package fancyhdr Warning: \headheight is too small (12.0pt): 
(fancyhdr)                Make it at least 14.49998pt, for example:
(fancyhdr)                \setlength{\headheight}{14.49998pt}.
(fancyhdr)                You might also make \topmargin smaller to compensate:
(fancyhdr)                \addtolength{\topmargin}{-2.49998pt}.

[310]

Package fancyhdr Warning: \headheight is too small (12.0pt): 
(fancyhdr)                Make it at least 14.49998pt, for example:
(fancyhdr)                \setlength{\headheight}{14.49998pt}.
(fancyhdr)                You might also make \topmargin smaller to compensate:
(fancyhdr)                \addtolength{\topmargin}{-2.49998pt}.

[311]
Missing character: There is no ⇒ (U+21D2) in font [lmroman12-regular]:mapping=tex-text;!
Missing character: There is no ⇒ (U+21D2) in font [lmroman12-regular]:mapping=tex-text;!

Overfull \hbox (21.4701pt too wide) in paragraph at lines 434--435
[]\TU/SimSun(0)/b/n/12 按 重 要 性 排 名  |（\TU/lmr/bx/n/12 LRT \TU/SimSun(0)/b/n/12 从 大 到 小）| \TU/SimSun(0)/m/n/12 ：| $[]\OT1/cmr/m/n/12 (23\OML/cmm/m/it/12 :\OT1/cmr/m/n/12 8) \OML/cmm/m/it/12 > []\OT1/cmr/m/n/12 (21\OML/cmm/m/it/12 :\OT1/cmr/m/n/12 4) \OML/cmm/m/it/12 > []\OT1/cmr/m/n/12 (14\OML/cmm/m/it/12 :\OT1/cmr/m/n/12 3) \OML/cmm/m/it/12 > []\OT1/cmr/m/n/12 (12\OML/cmm/m/it/12 :\OT1/cmr/m/n/12 4) \OML/cmm/m/it/12 >
 []


Package fancyhdr Warning: \headheight is too small (12.0pt): 
(fancyhdr)                Make it at least 14.49998pt, for example:
(fancyhdr)                \setlength{\headheight}{14.49998pt}.
(fancyhdr)                You might also make \topmargin smaller to compensate:
(fancyhdr)                \addtolength{\topmargin}{-2.49998pt}.

[312]
Overfull \hbox (99.93803pt too wide) detected at line 479
[]
 []


Package fancyhdr Warning: \headheight is too small (12.0pt): 
(fancyhdr)                Make it at least 14.49998pt, for example:
(fancyhdr)                \setlength{\headheight}{14.49998pt}.
(fancyhdr)                You might also make \topmargin smaller to compensate:
(fancyhdr)                \addtolength{\topmargin}{-2.49998pt}.

[313]
Overfull \hbox (23.84529pt too wide) in paragraph at lines 506--518
 [] 
 []


Overfull \hbox (0.90318pt too wide) in paragraph at lines 526--527
[]\TU/SimSun(0)/b/n/12 正 则 化 方 案\TU/SimSun(0)/m/n/12 ：|  用 自 然 三 次 样 条 强 制 系 数 作 为 频 率 的 光 滑 函 数：| $\OML/cmm/m/it/12 ^^L\OT1/cmr/m/n/12 (\OML/cmm/m/it/12 f\OT1/cmr/m/n/12 ) = [][] \OML/cmm/m/it/12 h[]\OT1/cmr/m/n/12 (\OML/cmm/m/it/12 f\OT1/cmr/m/n/12 ) \OML/cmm/m/it/12 ^^R[]$\TU/SimSun(0)/m/n/12 ，|
 []


Package fancyhdr Warning: \headheight is too small (12.0pt): 
(fancyhdr)                Make it at least 14.49998pt, for example:
(fancyhdr)                \setlength{\headheight}{14.49998pt}.
(fancyhdr)                You might also make \topmargin smaller to compensate:
(fancyhdr)                \addtolength{\topmargin}{-2.49998pt}.

[314]

Package fancyhdr Warning: \headheight is too small (12.0pt): 
(fancyhdr)                Make it at least 14.49998pt, for example:
(fancyhdr)                \setlength{\headheight}{14.49998pt}.
(fancyhdr)                You might also make \topmargin smaller to compensate:
(fancyhdr)                \addtolength{\topmargin}{-2.49998pt}.

[315]

Package fancyhdr Warning: \headheight is too small (12.0pt): 
(fancyhdr)                Make it at least 14.49998pt, for example:
(fancyhdr)                \setlength{\headheight}{14.49998pt}.
(fancyhdr)                You might also make \topmargin smaller to compensate:
(fancyhdr)                \addtolength{\topmargin}{-2.49998pt}.

[316]

Package fancyhdr Warning: \headheight is too small (12.0pt): 
(fancyhdr)                Make it at least 14.49998pt, for example:
(fancyhdr)                \setlength{\headheight}{14.49998pt}.
(fancyhdr)                You might also make \topmargin smaller to compensate:
(fancyhdr)                \addtolength{\topmargin}{-2.49998pt}.

[317]

Package fancyhdr Warning: \headheight is too small (12.0pt): 
(fancyhdr)                Make it at least 14.49998pt, for example:
(fancyhdr)                \setlength{\headheight}{14.49998pt}.
(fancyhdr)                You might also make \topmargin smaller to compensate:
(fancyhdr)                \addtolength{\topmargin}{-2.49998pt}.

[318]
Missing character: There is no ✓ (U+2713) in font [lmroman12-regular]:mapping=tex-text;!
Missing character: There is no ✓ (U+2713) in font [lmroman12-regular]:mapping=tex-text;!

Package fancyhdr Warning: \headheight is too small (12.0pt): 
(fancyhdr)                Make it at least 14.49998pt, for example:
(fancyhdr)                \setlength{\headheight}{14.49998pt}.
(fancyhdr)                You might also make \topmargin smaller to compensate:
(fancyhdr)                \addtolength{\topmargin}{-2.49998pt}.

[319]
File: Chapters/pic/ch_基展开和正则化/figure_5_8.png Graphic file (type bmp)
<Chapters/pic/ch_基展开和正则化/figure_5_8.png>
File: Chapters/pic/ch_基展开和正则化/figure_5_9.png Graphic file (type bmp)
<Chapters/pic/ch_基展开和正则化/figure_5_9.png>


Package fancyhdr Warning: \headheight is too small (12.0pt): 
(fancyhdr)                Make it at least 14.49998pt, for example:
(fancyhdr)                \setlength{\headheight}{14.49998pt}.
(fancyhdr)                You might also make \topmargin smaller to compensate:
(fancyhdr)                \addtolength{\topmargin}{-2.49998pt}.

[320]

Package fancyhdr Warning: \headheight is too small (12.0pt): 
(fancyhdr)                Make it at least 14.49998pt, for example:
(fancyhdr)                \setlength{\headheight}{14.49998pt}.
(fancyhdr)                You might also make \topmargin smaller to compensate:
(fancyhdr)                \addtolength{\topmargin}{-2.49998pt}.

[321]

Package fancyhdr Warning: \headheight is too small (12.0pt): 
(fancyhdr)                Make it at least 14.49998pt, for example:
(fancyhdr)                \setlength{\headheight}{14.49998pt}.
(fancyhdr)                You might also make \topmargin smaller to compensate:
(fancyhdr)                \addtolength{\topmargin}{-2.49998pt}.

[322]

Package fancyhdr Warning: \headheight is too small (12.0pt): 
(fancyhdr)                Make it at least 14.49998pt, for example:
(fancyhdr)                \setlength{\headheight}{14.49998pt}.
(fancyhdr)                You might also make \topmargin smaller to compensate:
(fancyhdr)                \addtolength{\topmargin}{-2.49998pt}.

[323]
File: Chapters/pic/ch_基展开和正则化/figure_5_10.png Graphic file (type bmp)
<Chapters/pic/ch_基展开和正则化/figure_5_10.png>
File: Chapters/pic/ch_基展开和正则化/figure_5_11.png Graphic file (type bmp)
<Chapters/pic/ch_基展开和正则化/figure_5_11.png>


Package fancyhdr Warning: \headheight is too small (12.0pt): 
(fancyhdr)                Make it at least 14.49998pt, for example:
(fancyhdr)                \setlength{\headheight}{14.49998pt}.
(fancyhdr)                You might also make \topmargin smaller to compensate:
(fancyhdr)                \addtolength{\topmargin}{-2.49998pt}.

[324]

Package fancyhdr Warning: \headheight is too small (12.0pt): 
(fancyhdr)                Make it at least 14.49998pt, for example:
(fancyhdr)                \setlength{\headheight}{14.49998pt}.
(fancyhdr)                You might also make \topmargin smaller to compensate:
(fancyhdr)                \addtolength{\topmargin}{-2.49998pt}.

[325]

Package fancyhdr Warning: \headheight is too small (12.0pt): 
(fancyhdr)                Make it at least 14.49998pt, for example:
(fancyhdr)                \setlength{\headheight}{14.49998pt}.
(fancyhdr)                You might also make \topmargin smaller to compensate:
(fancyhdr)                \addtolength{\topmargin}{-2.49998pt}.

[326]

Package fancyhdr Warning: \headheight is too small (12.0pt): 
(fancyhdr)                Make it at least 14.49998pt, for example:
(fancyhdr)                \setlength{\headheight}{14.49998pt}.
(fancyhdr)                You might also make \topmargin smaller to compensate:
(fancyhdr)                \addtolength{\topmargin}{-2.49998pt}.

[327]

Package fancyhdr Warning: \headheight is too small (12.0pt): 
(fancyhdr)                Make it at least 14.49998pt, for example:
(fancyhdr)                \setlength{\headheight}{14.49998pt}.
(fancyhdr)                You might also make \topmargin smaller to compensate:
(fancyhdr)                \addtolength{\topmargin}{-2.49998pt}.

[328]

Package fancyhdr Warning: \headheight is too small (12.0pt): 
(fancyhdr)                Make it at least 14.49998pt, for example:
(fancyhdr)                \setlength{\headheight}{14.49998pt}.
(fancyhdr)                You might also make \topmargin smaller to compensate:
(fancyhdr)                \addtolength{\topmargin}{-2.49998pt}.

[329]
Overfull \hbox (26.83784pt too wide) in paragraph at lines 1043--1044
[]\TU/SimSun(0)/b/n/12 范 数 的 含 义\TU/SimSun(0)/m/n/12 。|  回 头 再 看 特 征 展 开 视 角  |— —|  设 核 有 特 征 分 解 $\OML/cmm/m/it/12 K\OT1/cmr/m/n/12 (\OML/cmm/m/it/12 x; y\OT1/cmr/m/n/12 ) = [][] \OML/cmm/m/it/12 ^^M[]^^^[]\OT1/cmr/m/n/12 (\OML/cmm/m/it/12 x\OT1/cmr/m/n/12 )\OML/cmm/m/it/12 ^^^[]\OT1/cmr/m/n/12 (\OML/cmm/m/it/12 y\OT1/cmr/m/n/12 )$
 []


Package fancyhdr Warning: \headheight is too small (12.0pt): 
(fancyhdr)                Make it at least 14.49998pt, for example:
(fancyhdr)                \setlength{\headheight}{14.49998pt}.
(fancyhdr)                You might also make \topmargin smaller to compensate:
(fancyhdr)                \addtolength{\topmargin}{-2.49998pt}.

[330]

Package fancyhdr Warning: \headheight is too small (12.0pt): 
(fancyhdr)                Make it at least 14.49998pt, for example:
(fancyhdr)                \setlength{\headheight}{14.49998pt}.
(fancyhdr)                You might also make \topmargin smaller to compensate:
(fancyhdr)                \addtolength{\topmargin}{-2.49998pt}.

[331]
Underfull \vbox (badness 2970) has occurred while \output is active []



Package fancyhdr Warning: \headheight is too small (12.0pt): 
(fancyhdr)                Make it at least 14.49998pt, for example:
(fancyhdr)                \setlength{\headheight}{14.49998pt}.
(fancyhdr)                You might also make \topmargin smaller to compensate:
(fancyhdr)                \addtolength{\topmargin}{-2.49998pt}.

[332]

Package fancyhdr Warning: \headheight is too small (12.0pt): 
(fancyhdr)                Make it at least 14.49998pt, for example:
(fancyhdr)                \setlength{\headheight}{14.49998pt}.
(fancyhdr)                You might also make \topmargin smaller to compensate:
(fancyhdr)                \addtolength{\topmargin}{-2.49998pt}.

[333]

Package fancyhdr Warning: \headheight is too small (12.0pt): 
(fancyhdr)                Make it at least 14.49998pt, for example:
(fancyhdr)                \setlength{\headheight}{14.49998pt}.
(fancyhdr)                You might also make \topmargin smaller to compensate:
(fancyhdr)                \addtolength{\topmargin}{-2.49998pt}.

[334]
File: Chapters/pic/ch_基展开和正则化/figure_5_16.png Graphic file (type bmp)
<Chapters/pic/ch_基展开和正则化/figure_5_16.png>


Package fancyhdr Warning: \headheight is too small (12.0pt): 
(fancyhdr)                Make it at least 14.49998pt, for example:
(fancyhdr)                \setlength{\headheight}{14.49998pt}.
(fancyhdr)                You might also make \topmargin smaller to compensate:
(fancyhdr)                \addtolength{\topmargin}{-2.49998pt}.

[335]
File: Chapters/pic/ch_基展开和正则化/figure_5_17.png Graphic file (type bmp)
<Chapters/pic/ch_基展开和正则化/figure_5_17.png>


LaTeX Warning: Float too large for page by 5.02156pt on input line 1291.

File: Chapters/pic/ch_基展开和正则化/figure_5_19.png Graphic file (type bmp)
<Chapters/pic/ch_基展开和正则化/figure_5_19.png>

Package fancyhdr Warning: \headheight is too small (12.0pt): 
(fancyhdr)                Make it at least 14.49998pt, for example:
(fancyhdr)                \setlength{\headheight}{14.49998pt}.
(fancyhdr)                You might also make \topmargin smaller to compensate:
(fancyhdr)                \addtolength{\topmargin}{-2.49998pt}.

[336]

Package fancyhdr Warning: \headheight is too small (12.0pt): 
(fancyhdr)                Make it at least 14.49998pt, for example:
(fancyhdr)                \setlength{\headheight}{14.49998pt}.
(fancyhdr)                You might also make \topmargin smaller to compensate:
(fancyhdr)                \addtolength{\topmargin}{-2.49998pt}.

[337]

Package fancyhdr Warning: \headheight is too small (12.0pt): 
(fancyhdr)                Make it at least 14.49998pt, for example:
(fancyhdr)                \setlength{\headheight}{14.49998pt}.
(fancyhdr)                You might also make \topmargin smaller to compensate:
(fancyhdr)                \addtolength{\topmargin}{-2.49998pt}.

[338]
Overfull \hbox (99.64932pt too wide) detected at line 1373
[]
 []


Overfull \hbox (20.20236pt too wide) detected at line 1373
[]
 []


Package fancyhdr Warning: \headheight is too small (12.0pt): 
(fancyhdr)                Make it at least 14.49998pt, for example:
(fancyhdr)                \setlength{\headheight}{14.49998pt}.
(fancyhdr)                You might also make \topmargin smaller to compensate:
(fancyhdr)                \addtolength{\topmargin}{-2.49998pt}.

[339]
Overfull \hbox (6.71999pt too wide) in paragraph at lines 1382--1383
[]\TU/SimSun(0)/b/n/12 样 条 \TU/SimSun(0)/m/n/12 是 最 经 典 的 基 展 开 实 例。|  一 维 样 条 从 分 段 多 项 式 出 发，|  通 过 截 断 幂 基 $\OML/cmm/m/it/12 h[]\OT1/cmr/m/n/12 (\OML/cmm/m/it/12 X\OT1/cmr/m/n/12 ) =
 []

) (./Chapters/ch_核光滑方法.tex

Package fancyhdr Warning: \headheight is too small (12.0pt): 
(fancyhdr)                Make it at least 14.49998pt, for example:
(fancyhdr)                \setlength{\headheight}{14.49998pt}.
(fancyhdr)                You might also make \topmargin smaller to compensate:
(fancyhdr)                \addtolength{\topmargin}{-2.49998pt}.

[340]
第十四章

Package hyperref Warning: Token not allowed in a PDF string (Unicode):
(hyperref)                removing `math shift' on input line 14.


Package hyperref Warning: Token not allowed in a PDF string (Unicode):
(hyperref)                removing `math shift' on input line 14.

File: Chapters/pic/ch_核光滑方法/figure_6_1.png Graphic file (type bmp)
<Chapters/pic/ch_核光滑方法/figure_6_1.png>
[341

]

Package fancyhdr Warning: \headheight is too small (12.0pt): 
(fancyhdr)                Make it at least 14.49998pt, for example:
(fancyhdr)                \setlength{\headheight}{14.49998pt}.
(fancyhdr)                You might also make \topmargin smaller to compensate:
(fancyhdr)                \addtolength{\topmargin}{-2.49998pt}.

[342]

Package fancyhdr Warning: \headheight is too small (12.0pt): 
(fancyhdr)                Make it at least 14.49998pt, for example:
(fancyhdr)                \setlength{\headheight}{14.49998pt}.
(fancyhdr)                You might also make \topmargin smaller to compensate:
(fancyhdr)                \addtolength{\topmargin}{-2.49998pt}.

[343]
File: Chapters/pic/ch_核光滑方法/figure_6_3.png Graphic file (type bmp)
<Chapters/pic/ch_核光滑方法/figure_6_3.png>


Package fancyhdr Warning: \headheight is too small (12.0pt): 
(fancyhdr)                Make it at least 14.49998pt, for example:
(fancyhdr)                \setlength{\headheight}{14.49998pt}.
(fancyhdr)                You might also make \topmargin smaller to compensate:
(fancyhdr)                \addtolength{\topmargin}{-2.49998pt}.

[344]

Package fancyhdr Warning: \headheight is too small (12.0pt): 
(fancyhdr)                Make it at least 14.49998pt, for example:
(fancyhdr)                \setlength{\headheight}{14.49998pt}.
(fancyhdr)                You might also make \topmargin smaller to compensate:
(fancyhdr)                \addtolength{\topmargin}{-2.49998pt}.

[345]

Package hyperref Warning: Token not allowed in a PDF string (Unicode):
(hyperref)                removing `math shift' on input line 161.


Package hyperref Warning: Token not allowed in a PDF string (Unicode):
(hyperref)                removing `math shift' on input line 161.


Package fancyhdr Warning: \headheight is too small (12.0pt): 
(fancyhdr)                Make it at least 14.49998pt, for example:
(fancyhdr)                \setlength{\headheight}{14.49998pt}.
(fancyhdr)                You might also make \topmargin smaller to compensate:
(fancyhdr)                \addtolength{\topmargin}{-2.49998pt}.

[346]
File: Chapters/pic/ch_核光滑方法/figure_6_5.png Graphic file (type bmp)
<Chapters/pic/ch_核光滑方法/figure_6_5.png>


Package fancyhdr Warning: \headheight is too small (12.0pt): 
(fancyhdr)                Make it at least 14.49998pt, for example:
(fancyhdr)                \setlength{\headheight}{14.49998pt}.
(fancyhdr)                You might also make \topmargin smaller to compensate:
(fancyhdr)                \addtolength{\topmargin}{-2.49998pt}.

[347]

Package hyperref Warning: Token not allowed in a PDF string (Unicode):
(hyperref)                removing `math shift' on input line 203.


Package hyperref Warning: Token not allowed in a PDF string (Unicode):
(hyperref)                removing `\lambda' on input line 203.


Package hyperref Warning: Token not allowed in a PDF string (Unicode):
(hyperref)                removing `math shift' on input line 203.


Package fancyhdr Warning: \headheight is too small (12.0pt): 
(fancyhdr)                Make it at least 14.49998pt, for example:
(fancyhdr)                \setlength{\headheight}{14.49998pt}.
(fancyhdr)                You might also make \topmargin smaller to compensate:
(fancyhdr)                \addtolength{\topmargin}{-2.49998pt}.

[348]
File: Chapters/pic/ch_核光滑方法/figure_6_7.png Graphic file (type bmp)
<Chapters/pic/ch_核光滑方法/figure_6_7.png>


Package hyperref Warning: Token not allowed in a PDF string (Unicode):
(hyperref)                removing `math shift' on input line 275.


Package hyperref Warning: Token not allowed in a PDF string (Unicode):
(hyperref)                removing `superscript' on input line 275.


Package hyperref Warning: Token not allowed in a PDF string (Unicode):
(hyperref)                removing `math shift' on input line 275.


Package fancyhdr Warning: \headheight is too small (12.0pt): 
(fancyhdr)                Make it at least 14.49998pt, for example:
(fancyhdr)                \setlength{\headheight}{14.49998pt}.
(fancyhdr)                You might also make \topmargin smaller to compensate:
(fancyhdr)                \addtolength{\topmargin}{-2.49998pt}.

[349]

Package fancyhdr Warning: \headheight is too small (12.0pt): 
(fancyhdr)                Make it at least 14.49998pt, for example:
(fancyhdr)                \setlength{\headheight}{14.49998pt}.
(fancyhdr)                You might also make \topmargin smaller to compensate:
(fancyhdr)                \addtolength{\topmargin}{-2.49998pt}.

[350]

Package hyperref Warning: Token not allowed in a PDF string (Unicode):
(hyperref)                removing `math shift' on input line 307.


Package hyperref Warning: Token not allowed in a PDF string (Unicode):
(hyperref)                removing `superscript' on input line 307.


Package hyperref Warning: Token not allowed in a PDF string (Unicode):
(hyperref)                removing `math shift' on input line 307.


Package fancyhdr Warning: \headheight is too small (12.0pt): 
(fancyhdr)                Make it at least 14.49998pt, for example:
(fancyhdr)                \setlength{\headheight}{14.49998pt}.
(fancyhdr)                You might also make \topmargin smaller to compensate:
(fancyhdr)                \addtolength{\topmargin}{-2.49998pt}.

[351]

Package fancyhdr Warning: \headheight is too small (12.0pt): 
(fancyhdr)                Make it at least 14.49998pt, for example:
(fancyhdr)                \setlength{\headheight}{14.49998pt}.
(fancyhdr)                You might also make \topmargin smaller to compensate:
(fancyhdr)                \addtolength{\topmargin}{-2.49998pt}.

[352]
Overfull \hbox (22.92268pt too wide) detected at line 374
[][][][] \OML/cmm/m/it/12 K[]\OT1/cmr/m/n/12 (\OML/cmm/m/it/12 x[]; x[]\OT1/cmr/m/n/12 ) []
 []


Package fancyhdr Warning: \headheight is too small (12.0pt): 
(fancyhdr)                Make it at least 14.49998pt, for example:
(fancyhdr)                \setlength{\headheight}{14.49998pt}.
(fancyhdr)                You might also make \topmargin smaller to compensate:
(fancyhdr)                \addtolength{\topmargin}{-2.49998pt}.

[353]

Package fancyhdr Warning: \headheight is too small (12.0pt): 
(fancyhdr)                Make it at least 14.49998pt, for example:
(fancyhdr)                \setlength{\headheight}{14.49998pt}.
(fancyhdr)                You might also make \topmargin smaller to compensate:
(fancyhdr)                \addtolength{\topmargin}{-2.49998pt}.

[354]

Package fancyhdr Warning: \headheight is too small (12.0pt): 
(fancyhdr)                Make it at least 14.49998pt, for example:
(fancyhdr)                \setlength{\headheight}{14.49998pt}.
(fancyhdr)                You might also make \topmargin smaller to compensate:
(fancyhdr)                \addtolength{\topmargin}{-2.49998pt}.

[355])

Package fancyhdr Warning: \headheight is too small (12.0pt): 
(fancyhdr)                Make it at least 14.49998pt, for example:
(fancyhdr)                \setlength{\headheight}{14.49998pt}.
(fancyhdr)                You might also make \topmargin smaller to compensate:
(fancyhdr)                \addtolength{\topmargin}{-2.49998pt}.

[356] (./Chapters/ch_模型评估与选择.tex

Package fancyhdr Warning: \headheight is too small (12.0pt): 
(fancyhdr)                Make it at least 14.49998pt, for example:
(fancyhdr)                \setlength{\headheight}{14.49998pt}.
(fancyhdr)                You might also make \topmargin smaller to compensate:
(fancyhdr)                \addtolength{\topmargin}{-2.49998pt}.

[357]

Package fancyhdr Warning: \headheight is too small (12.0pt): 
(fancyhdr)                Make it at least 14.49998pt, for example:
(fancyhdr)                \setlength{\headheight}{14.49998pt}.
(fancyhdr)                You might also make \topmargin smaller to compensate:
(fancyhdr)                \addtolength{\topmargin}{-2.49998pt}.

[358

]
第十五章
File: Chapters/pic/ch_模型评估与选择/figure_7_1.png Graphic file (type bmp)
<Chapters/pic/ch_模型评估与选择/figure_7_1.png>
[359]

Package fancyhdr Warning: \headheight is too small (12.0pt): 
(fancyhdr)                Make it at least 14.49998pt, for example:
(fancyhdr)                \setlength{\headheight}{14.49998pt}.
(fancyhdr)                You might also make \topmargin smaller to compensate:
(fancyhdr)                \addtolength{\topmargin}{-2.49998pt}.

[360]

Package fancyhdr Warning: \headheight is too small (12.0pt): 
(fancyhdr)                Make it at least 14.49998pt, for example:
(fancyhdr)                \setlength{\headheight}{14.49998pt}.
(fancyhdr)                You might also make \topmargin smaller to compensate:
(fancyhdr)                \addtolength{\topmargin}{-2.49998pt}.

[361]

Package fancyhdr Warning: \headheight is too small (12.0pt): 
(fancyhdr)                Make it at least 14.49998pt, for example:
(fancyhdr)                \setlength{\headheight}{14.49998pt}.
(fancyhdr)                You might also make \topmargin smaller to compensate:
(fancyhdr)                \addtolength{\topmargin}{-2.49998pt}.

[362]

Package hyperref Warning: Token not allowed in a PDF string (Unicode):
(hyperref)                removing `math shift' on input line 154.


Package hyperref Warning: Token not allowed in a PDF string (Unicode):
(hyperref)                removing `math shift' on input line 154.


Package fancyhdr Warning: \headheight is too small (12.0pt): 
(fancyhdr)                Make it at least 14.49998pt, for example:
(fancyhdr)                \setlength{\headheight}{14.49998pt}.
(fancyhdr)                You might also make \topmargin smaller to compensate:
(fancyhdr)                \addtolength{\topmargin}{-2.49998pt}.

[363]
File: Chapters/pic/ch_模型评估与选择/figure_7_2.png Graphic file (type bmp)
<Chapters/pic/ch_模型评估与选择/figure_7_2.png>
File: Chapters/pic/ch_模型评估与选择/figure_7_3.png Graphic file (type bmp)
<Chapters/pic/ch_模型评估与选择/figure_7_3.png>


Package fancyhdr Warning: \headheight is too small (12.0pt): 
(fancyhdr)                Make it at least 14.49998pt, for example:
(fancyhdr)                \setlength{\headheight}{14.49998pt}.
(fancyhdr)                You might also make \topmargin smaller to compensate:
(fancyhdr)                \addtolength{\topmargin}{-2.49998pt}.

[364]

Package fancyhdr Warning: \headheight is too small (12.0pt): 
(fancyhdr)                Make it at least 14.49998pt, for example:
(fancyhdr)                \setlength{\headheight}{14.49998pt}.
(fancyhdr)                You might also make \topmargin smaller to compensate:
(fancyhdr)                \addtolength{\topmargin}{-2.49998pt}.

[365]

Package fancyhdr Warning: \headheight is too small (12.0pt): 
(fancyhdr)                Make it at least 14.49998pt, for example:
(fancyhdr)                \setlength{\headheight}{14.49998pt}.
(fancyhdr)                You might also make \topmargin smaller to compensate:
(fancyhdr)                \addtolength{\topmargin}{-2.49998pt}.

[366]

Package fancyhdr Warning: \headheight is too small (12.0pt): 
(fancyhdr)                Make it at least 14.49998pt, for example:
(fancyhdr)                \setlength{\headheight}{14.49998pt}.
(fancyhdr)                You might also make \topmargin smaller to compensate:
(fancyhdr)                \addtolength{\topmargin}{-2.49998pt}.

[367]
Overfull \hbox (26.55165pt too wide) in paragraph at lines 320--321
 [][] 
 []


Package fancyhdr Warning: \headheight is too small (12.0pt): 
(fancyhdr)                Make it at least 14.49998pt, for example:
(fancyhdr)                \setlength{\headheight}{14.49998pt}.
(fancyhdr)                You might also make \topmargin smaller to compensate:
(fancyhdr)                \addtolength{\topmargin}{-2.49998pt}.

[368]

Package fancyhdr Warning: \headheight is too small (12.0pt): 
(fancyhdr)                Make it at least 14.49998pt, for example:
(fancyhdr)                \setlength{\headheight}{14.49998pt}.
(fancyhdr)                You might also make \topmargin smaller to compensate:
(fancyhdr)                \addtolength{\topmargin}{-2.49998pt}.

[369]

Package hyperref Warning: Token not allowed in a PDF string (Unicode):
(hyperref)                removing `math shift' on input line 386.


Package hyperref Warning: Token not allowed in a PDF string (Unicode):
(hyperref)                removing `subscript' on input line 386.


Package hyperref Warning: Token not allowed in a PDF string (Unicode):
(hyperref)                removing `math shift' on input line 386.


Package fancyhdr Warning: \headheight is too small (12.0pt): 
(fancyhdr)                Make it at least 14.49998pt, for example:
(fancyhdr)                \setlength{\headheight}{14.49998pt}.
(fancyhdr)                You might also make \topmargin smaller to compensate:
(fancyhdr)                \addtolength{\topmargin}{-2.49998pt}.

[370]
Overfull \hbox (7.01413pt too wide) in paragraph at lines 432--433
[]\TU/SimSun(0)/m/n/12 图 \TU/lmr/m/n/12 7.4 \TU/SimSun(0)/m/n/12 展 示 了 \TU/lmr/m/n/12 AIC \TU/SimSun(0)/m/n/12 在 音 素 识 别 示 例 中 的 应 用：| \TU/lmr/m/n/12 logistic \TU/SimSun(0)/m/n/12 回 归 系 数 $\OML/cmm/m/it/12 ^^L\OT1/cmr/m/n/12 (\OML/cmm/m/it/12 f\OT1/cmr/m/n/12 ) = [][] \OML/cmm/m/it/12 h[]\OT1/cmr/m/n/12 (\OML/cmm/m/it/12 f\OT1/cmr/m/n/12 )\OML/cmm/m/it/12 ^^R[]$
 []


Package fancyhdr Warning: \headheight is too small (12.0pt): 
(fancyhdr)                Make it at least 14.49998pt, for example:
(fancyhdr)                \setlength{\headheight}{14.49998pt}.
(fancyhdr)                You might also make \topmargin smaller to compensate:
(fancyhdr)                \addtolength{\topmargin}{-2.49998pt}.

[371]

Package fancyhdr Warning: \headheight is too small (12.0pt): 
(fancyhdr)                Make it at least 14.49998pt, for example:
(fancyhdr)                \setlength{\headheight}{14.49998pt}.
(fancyhdr)                You might also make \topmargin smaller to compensate:
(fancyhdr)                \addtolength{\topmargin}{-2.49998pt}.

[372]

Package fancyhdr Warning: \headheight is too small (12.0pt): 
(fancyhdr)                Make it at least 14.49998pt, for example:
(fancyhdr)                \setlength{\headheight}{14.49998pt}.
(fancyhdr)                You might also make \topmargin smaller to compensate:
(fancyhdr)                \addtolength{\topmargin}{-2.49998pt}.

[373]

Package fancyhdr Warning: \headheight is too small (12.0pt): 
(fancyhdr)                Make it at least 14.49998pt, for example:
(fancyhdr)                \setlength{\headheight}{14.49998pt}.
(fancyhdr)                You might also make \topmargin smaller to compensate:
(fancyhdr)                \addtolength{\topmargin}{-2.49998pt}.

[374]
File: Chapters/pic/ch_模型评估与选择/figure_7_7.png Graphic file (type bmp)
<Chapters/pic/ch_模型评估与选择/figure_7_7.png>

Underfull \hbox (badness 10000) in paragraph at lines 620--620
[]\TU/SimSun(0)/m/n/12 图 \TU/lmr/m/n/12 15.5: |\TU/SimSun(0)/m/n/12 箱 线 图 展 示 图 \TU/lmr/m/n/12 7.3 \TU/SimSun(0)/m/n/12 四 个 场 景 下 相 对 误 差 $\OT1/cmr/m/n/12 100 \OMS/cmsy/m/n/12 ^^B \OT1/cmr/m/n/12 [[][]([]) \OMS/cmsy/m/n/12 ^^@
 []


Underfull \hbox (badness 1609) in paragraph at lines 620--620
[][] [][]\OT1/cmr/m/n/12 (\OML/cmm/m/it/12 ^^K\OT1/cmr/m/n/12 )]/[[][] [][](\OML/cmm/m/it/12 ^^K\OT1/cmr/m/n/12 ) \OMS/cmsy/m/n/12 ^^@ [][] [][]\OT1/cmr/m/n/12 (\OML/cmm/m/it/12 ^^K\OT1/cmr/m/n/12 )]$ \TU/SimSun(0)/m/n/12 的 分 布  |— —|  即 使 用 所 选 模 型 相 对 于
 []


Package hyperref Warning: Token not allowed in a PDF string (Unicode):
(hyperref)                removing `math shift' on input line 631.


Package hyperref Warning: Token not allowed in a PDF string (Unicode):
(hyperref)                removing `math shift' on input line 631.


Package fancyhdr Warning: \headheight is too small (12.0pt): 
(fancyhdr)                Make it at least 14.49998pt, for example:
(fancyhdr)                \setlength{\headheight}{14.49998pt}.
(fancyhdr)                You might also make \topmargin smaller to compensate:
(fancyhdr)                \addtolength{\topmargin}{-2.49998pt}.

[375]

Package fancyhdr Warning: \headheight is too small (12.0pt): 
(fancyhdr)                Make it at least 14.49998pt, for example:
(fancyhdr)                \setlength{\headheight}{14.49998pt}.
(fancyhdr)                You might also make \topmargin smaller to compensate:
(fancyhdr)                \addtolength{\topmargin}{-2.49998pt}.

[376]

Package fancyhdr Warning: \headheight is too small (12.0pt): 
(fancyhdr)                Make it at least 14.49998pt, for example:
(fancyhdr)                \setlength{\headheight}{14.49998pt}.
(fancyhdr)                You might also make \topmargin smaller to compensate:
(fancyhdr)                \addtolength{\topmargin}{-2.49998pt}.

[377]

Package hyperref Warning: Token not allowed in a PDF string (Unicode):
(hyperref)                removing `math shift' on input line 672.


Package hyperref Warning: Token not allowed in a PDF string (Unicode):
(hyperref)                removing `math shift' on input line 672.

File: Chapters/pic/ch_模型评估与选择/figure_7_8.png Graphic file (type bmp)
<Chapters/pic/ch_模型评估与选择/figure_7_8.png>

Package fancyhdr Warning: \headheight is too small (12.0pt): 
(fancyhdr)                Make it at least 14.49998pt, for example:
(fancyhdr)                \setlength{\headheight}{14.49998pt}.
(fancyhdr)                You might also make \topmargin smaller to compensate:
(fancyhdr)                \addtolength{\topmargin}{-2.49998pt}.

[378]
Missing character: There is no ✗ (U+2717) in font [lmroman10-bold]:mapping=tex-text;!
Missing character: There is no ✓ (U+2713) in font [lmroman10-bold]:mapping=tex-text;!
File: Chapters/pic/ch_模型评估与选择/figure_7_10.png Graphic file (type bmp)
<Chapters/pic/ch_模型评估与选择/figure_7_10.png>

Package fancyhdr Warning: \headheight is too small (12.0pt): 
(fancyhdr)                Make it at least 14.49998pt, for example:
(fancyhdr)                \setlength{\headheight}{14.49998pt}.
(fancyhdr)                You might also make \topmargin smaller to compensate:
(fancyhdr)                \addtolength{\topmargin}{-2.49998pt}.

[379]

Package fancyhdr Warning: \headheight is too small (12.0pt): 
(fancyhdr)                Make it at least 14.49998pt, for example:
(fancyhdr)                \setlength{\headheight}{14.49998pt}.
(fancyhdr)                You might also make \topmargin smaller to compensate:
(fancyhdr)                \addtolength{\topmargin}{-2.49998pt}.

[380]

Package fancyhdr Warning: \headheight is too small (12.0pt): 
(fancyhdr)                Make it at least 14.49998pt, for example:
(fancyhdr)                \setlength{\headheight}{14.49998pt}.
(fancyhdr)                You might also make \topmargin smaller to compensate:
(fancyhdr)                \addtolength{\topmargin}{-2.49998pt}.

[381]
File: Chapters/pic/ch_模型评估与选择/figure_7_12.png Graphic file (type bmp)
<Chapters/pic/ch_模型评估与选择/figure_7_12.png>


Package fancyhdr Warning: \headheight is too small (12.0pt): 
(fancyhdr)                Make it at least 14.49998pt, for example:
(fancyhdr)                \setlength{\headheight}{14.49998pt}.
(fancyhdr)                You might also make \topmargin smaller to compensate:
(fancyhdr)                \addtolength{\topmargin}{-2.49998pt}.

[382]

Package fancyhdr Warning: \headheight is too small (12.0pt): 
(fancyhdr)                Make it at least 14.49998pt, for example:
(fancyhdr)                \setlength{\headheight}{14.49998pt}.
(fancyhdr)                You might also make \topmargin smaller to compensate:
(fancyhdr)                \addtolength{\topmargin}{-2.49998pt}.

[383]

Package fancyhdr Warning: \headheight is too small (12.0pt): 
(fancyhdr)                Make it at least 14.49998pt, for example:
(fancyhdr)                \setlength{\headheight}{14.49998pt}.
(fancyhdr)                You might also make \topmargin smaller to compensate:
(fancyhdr)                \addtolength{\topmargin}{-2.49998pt}.

[384]
File: Chapters/pic/ch_模型评估与选择/figure_7_13.png Graphic file (type bmp)
<Chapters/pic/ch_模型评估与选择/figure_7_13.png>

Underfull \hbox (badness 10000) in paragraph at lines 875--875
[]\TU/SimSun(0)/m/n/12 图 \TU/lmr/m/n/12 15.10: |\TU/SimSun(0)/m/n/12 箱 线 图 展 示 四 个 场 景  |（图 \TU/lmr/m/n/12 7.3\TU/SimSun(0)/m/n/12 ）|  下 相 对 误 差 $\OT1/cmr/m/n/12 100 \OMS/cmsy/m/n/12 ^^A \OT1/cmr/m/n/12 [[][] \OMS/cmsy/m/n/12 ^^@
 []


Package fancyhdr Warning: \headheight is too small (12.0pt): 
(fancyhdr)                Make it at least 14.49998pt, for example:
(fancyhdr)                \setlength{\headheight}{14.49998pt}.
(fancyhdr)                You might also make \topmargin smaller to compensate:
(fancyhdr)                \addtolength{\topmargin}{-2.49998pt}.

[385]
File: Chapters/pic/ch_模型评估与选择/figure_7_14.png Graphic file (type bmp)
<Chapters/pic/ch_模型评估与选择/figure_7_14.png>
File: Chapters/pic/ch_模型评估与选择/figure_7_15.png Graphic file (type bmp)
<Chapters/pic/ch_模型评估与选择/figure_7_15.png>

Underfull \vbox (badness 10000) has occurred while \output is active []



Package fancyhdr Warning: \headheight is too small (12.0pt): 
(fancyhdr)                Make it at least 14.49998pt, for example:
(fancyhdr)                \setlength{\headheight}{14.49998pt}.
(fancyhdr)                You might also make \topmargin smaller to compensate:
(fancyhdr)                \addtolength{\topmargin}{-2.49998pt}.

[386]
Overfull \hbox (6.42963pt too wide) in paragraph at lines 1002--1003
 [][] 
 []


Underfull \vbox (badness 10000) has occurred while \output is active []



Package fancyhdr Warning: \headheight is too small (12.0pt): 
(fancyhdr)                Make it at least 14.49998pt, for example:
(fancyhdr)                \setlength{\headheight}{14.49998pt}.
(fancyhdr)                You might also make \topmargin smaller to compensate:
(fancyhdr)                \addtolength{\topmargin}{-2.49998pt}.

[387]) (./Chapters/ch_模型推断与平均.tex

Package fancyhdr Warning: \headheight is too small (12.0pt): 
(fancyhdr)                Make it at least 14.49998pt, for example:
(fancyhdr)                \setlength{\headheight}{14.49998pt}.
(fancyhdr)                You might also make \topmargin smaller to compensate:
(fancyhdr)                \addtolength{\topmargin}{-2.49998pt}.

[388]

Package fancyhdr Warning: \headheight is too small (12.0pt): 
(fancyhdr)                Make it at least 14.49998pt, for example:
(fancyhdr)                \setlength{\headheight}{14.49998pt}.
(fancyhdr)                You might also make \topmargin smaller to compensate:
(fancyhdr)                \addtolength{\topmargin}{-2.49998pt}.

[389]

Package fancyhdr Warning: \headheight is too small (12.0pt): 
(fancyhdr)                Make it at least 14.49998pt, for example:
(fancyhdr)                \setlength{\headheight}{14.49998pt}.
(fancyhdr)                You might also make \topmargin smaller to compensate:
(fancyhdr)                \addtolength{\topmargin}{-2.49998pt}.

[390]
第十六章
File: Chapters/pic/ch_模型推断与平均/figure_8_1.png Graphic file (type bmp)
<Chapters/pic/ch_模型推断与平均/figure_8_1.png>
File: Chapters/pic/ch_模型推断与平均/figure_8_2.png Graphic file (type bmp)
<Chapters/pic/ch_模型推断与平均/figure_8_2.png>
[391

]
Underfull \vbox (badness 1308) has occurred while \output is active []



Package fancyhdr Warning: \headheight is too small (12.0pt): 
(fancyhdr)                Make it at least 14.49998pt, for example:
(fancyhdr)                \setlength{\headheight}{14.49998pt}.
(fancyhdr)                You might also make \topmargin smaller to compensate:
(fancyhdr)                \addtolength{\topmargin}{-2.49998pt}.

[392]

Package fancyhdr Warning: \headheight is too small (12.0pt): 
(fancyhdr)                Make it at least 14.49998pt, for example:
(fancyhdr)                \setlength{\headheight}{14.49998pt}.
(fancyhdr)                You might also make \topmargin smaller to compensate:
(fancyhdr)                \addtolength{\topmargin}{-2.49998pt}.

[393]

Package fancyhdr Warning: \headheight is too small (12.0pt): 
(fancyhdr)                Make it at least 14.49998pt, for example:
(fancyhdr)                \setlength{\headheight}{14.49998pt}.
(fancyhdr)                You might also make \topmargin smaller to compensate:
(fancyhdr)                \addtolength{\topmargin}{-2.49998pt}.

[394]
Overfull \hbox (64.89444pt too wide) in paragraph at lines 179--180
 [][] 
 []


Package fancyhdr Warning: \headheight is too small (12.0pt): 
(fancyhdr)                Make it at least 14.49998pt, for example:
(fancyhdr)                \setlength{\headheight}{14.49998pt}.
(fancyhdr)                You might also make \topmargin smaller to compensate:
(fancyhdr)                \addtolength{\topmargin}{-2.49998pt}.

[395]

Package fancyhdr Warning: \headheight is too small (12.0pt): 
(fancyhdr)                Make it at least 14.49998pt, for example:
(fancyhdr)                \setlength{\headheight}{14.49998pt}.
(fancyhdr)                You might also make \topmargin smaller to compensate:
(fancyhdr)                \addtolength{\topmargin}{-2.49998pt}.

[396]

Package fancyhdr Warning: \headheight is too small (12.0pt): 
(fancyhdr)                Make it at least 14.49998pt, for example:
(fancyhdr)                \setlength{\headheight}{14.49998pt}.
(fancyhdr)                You might also make \topmargin smaller to compensate:
(fancyhdr)                \addtolength{\topmargin}{-2.49998pt}.

[397]

Package fancyhdr Warning: \headheight is too small (12.0pt): 
(fancyhdr)                Make it at least 14.49998pt, for example:
(fancyhdr)                \setlength{\headheight}{14.49998pt}.
(fancyhdr)                You might also make \topmargin smaller to compensate:
(fancyhdr)                \addtolength{\topmargin}{-2.49998pt}.

[398]

Package fancyhdr Warning: \headheight is too small (12.0pt): 
(fancyhdr)                Make it at least 14.49998pt, for example:
(fancyhdr)                \setlength{\headheight}{14.49998pt}.
(fancyhdr)                You might also make \topmargin smaller to compensate:
(fancyhdr)                \addtolength{\topmargin}{-2.49998pt}.

[399]
Underfull \vbox (badness 10000) has occurred while \output is active []



Package fancyhdr Warning: \headheight is too small (12.0pt): 
(fancyhdr)                Make it at least 14.49998pt, for example:
(fancyhdr)                \setlength{\headheight}{14.49998pt}.
(fancyhdr)                You might also make \topmargin smaller to compensate:
(fancyhdr)                \addtolength{\topmargin}{-2.49998pt}.

[400]
Missing character: There is no ^^F (U+0006) in font [lmromandemi10-regular]:mapping=tex-text;!

Package fancyhdr Warning: \headheight is too small (12.0pt): 
(fancyhdr)                Make it at least 14.49998pt, for example:
(fancyhdr)                \setlength{\headheight}{14.49998pt}.
(fancyhdr)                You might also make \topmargin smaller to compensate:
(fancyhdr)                \addtolength{\topmargin}{-2.49998pt}.

[401]
Missing character: There is no ^^F (U+0006) in font [lmromandemi10-regular]:mapping=tex-text;!
Missing character: There is no ^^F (U+0006) in font [lmromandemi10-regular]:mapping=tex-text;!
Missing character: There is no ^^F (U+0006) in font [lmromandemi10-regular]:mapping=tex-text;!
Missing character: There is no ^^F (U+0006) in font [lmromandemi10-regular]:mapping=tex-text;!
Missing character: There is no ^^F (U+0006) in font [lmromandemi10-regular]:mapping=tex-text;!
Missing character: There is no ^^F (U+0006) in font [lmromandemi10-regular]:mapping=tex-text;!

Package fancyhdr Warning: \headheight is too small (12.0pt): 
(fancyhdr)                Make it at least 14.49998pt, for example:
(fancyhdr)                \setlength{\headheight}{14.49998pt}.
(fancyhdr)                You might also make \topmargin smaller to compensate:
(fancyhdr)                \addtolength{\topmargin}{-2.49998pt}.

[402]
Underfull \hbox (badness 7344) in paragraph at lines 505--505
[]\TU/SimSun(0)/m/n/12 预 测 误 差 估
 []


Underfull \vbox (badness 1048) has occurred while \output is active []



Package fancyhdr Warning: \headheight is too small (12.0pt): 
(fancyhdr)                Make it at least 14.49998pt, for example:
(fancyhdr)                \setlength{\headheight}{14.49998pt}.
(fancyhdr)                You might also make \topmargin smaller to compensate:
(fancyhdr)                \addtolength{\topmargin}{-2.49998pt}.

[403]

Package fancyhdr Warning: \headheight is too small (12.0pt): 
(fancyhdr)                Make it at least 14.49998pt, for example:
(fancyhdr)                \setlength{\headheight}{14.49998pt}.
(fancyhdr)                You might also make \topmargin smaller to compensate:
(fancyhdr)                \addtolength{\topmargin}{-2.49998pt}.

[404]

Package fancyhdr Warning: \headheight is too small (12.0pt): 
(fancyhdr)                Make it at least 14.49998pt, for example:
(fancyhdr)                \setlength{\headheight}{14.49998pt}.
(fancyhdr)                You might also make \topmargin smaller to compensate:
(fancyhdr)                \addtolength{\topmargin}{-2.49998pt}.

[405]

Package fancyhdr Warning: \headheight is too small (12.0pt): 
(fancyhdr)                Make it at least 14.49998pt, for example:
(fancyhdr)                \setlength{\headheight}{14.49998pt}.
(fancyhdr)                You might also make \topmargin smaller to compensate:
(fancyhdr)                \addtolength{\topmargin}{-2.49998pt}.

[406]

Package hyperref Warning: Token not allowed in a PDF string (Unicode):
(hyperref)                removing `math shift' on input line 636.


Package hyperref Warning: Token not allowed in a PDF string (Unicode):
(hyperref)                removing `\times' on input line 636.


Package hyperref Warning: Token not allowed in a PDF string (Unicode):
(hyperref)                removing `math shift' on input line 636.


Package fancyhdr Warning: \headheight is too small (12.0pt): 
(fancyhdr)                Make it at least 14.49998pt, for example:
(fancyhdr)                \setlength{\headheight}{14.49998pt}.
(fancyhdr)                You might also make \topmargin smaller to compensate:
(fancyhdr)                \addtolength{\topmargin}{-2.49998pt}.

[407]

Package fancyhdr Warning: \headheight is too small (12.0pt): 
(fancyhdr)                Make it at least 14.49998pt, for example:
(fancyhdr)                \setlength{\headheight}{14.49998pt}.
(fancyhdr)                You might also make \topmargin smaller to compensate:
(fancyhdr)                \addtolength{\topmargin}{-2.49998pt}.

[408]

Package fancyhdr Warning: \headheight is too small (12.0pt): 
(fancyhdr)                Make it at least 14.49998pt, for example:
(fancyhdr)                \setlength{\headheight}{14.49998pt}.
(fancyhdr)                You might also make \topmargin smaller to compensate:
(fancyhdr)                \addtolength{\topmargin}{-2.49998pt}.

[409]

Package fancyhdr Warning: \headheight is too small (12.0pt): 
(fancyhdr)                Make it at least 14.49998pt, for example:
(fancyhdr)                \setlength{\headheight}{14.49998pt}.
(fancyhdr)                You might also make \topmargin smaller to compensate:
(fancyhdr)                \addtolength{\topmargin}{-2.49998pt}.

[410]

Package fancyhdr Warning: \headheight is too small (12.0pt): 
(fancyhdr)                Make it at least 14.49998pt, for example:
(fancyhdr)                \setlength{\headheight}{14.49998pt}.
(fancyhdr)                You might also make \topmargin smaller to compensate:
(fancyhdr)                \addtolength{\topmargin}{-2.49998pt}.

[411]

Package fancyhdr Warning: \headheight is too small (12.0pt): 
(fancyhdr)                Make it at least 14.49998pt, for example:
(fancyhdr)                \setlength{\headheight}{14.49998pt}.
(fancyhdr)                You might also make \topmargin smaller to compensate:
(fancyhdr)                \addtolength{\topmargin}{-2.49998pt}.

[412]

Package fancyhdr Warning: \headheight is too small (12.0pt): 
(fancyhdr)                Make it at least 14.49998pt, for example:
(fancyhdr)                \setlength{\headheight}{14.49998pt}.
(fancyhdr)                You might also make \topmargin smaller to compensate:
(fancyhdr)                \addtolength{\topmargin}{-2.49998pt}.

[413]

Package fancyhdr Warning: \headheight is too small (12.0pt): 
(fancyhdr)                Make it at least 14.49998pt, for example:
(fancyhdr)                \setlength{\headheight}{14.49998pt}.
(fancyhdr)                You might also make \topmargin smaller to compensate:
(fancyhdr)                \addtolength{\topmargin}{-2.49998pt}.

[414]

Package fancyhdr Warning: \headheight is too small (12.0pt): 
(fancyhdr)                Make it at least 14.49998pt, for example:
(fancyhdr)                \setlength{\headheight}{14.49998pt}.
(fancyhdr)                You might also make \topmargin smaller to compensate:
(fancyhdr)                \addtolength{\topmargin}{-2.49998pt}.

[415]

Package fancyhdr Warning: \headheight is too small (12.0pt): 
(fancyhdr)                Make it at least 14.49998pt, for example:
(fancyhdr)                \setlength{\headheight}{14.49998pt}.
(fancyhdr)                You might also make \topmargin smaller to compensate:
(fancyhdr)                \addtolength{\topmargin}{-2.49998pt}.

[416]

Package fancyhdr Warning: \headheight is too small (12.0pt): 
(fancyhdr)                Make it at least 14.49998pt, for example:
(fancyhdr)                \setlength{\headheight}{14.49998pt}.
(fancyhdr)                You might also make \topmargin smaller to compensate:
(fancyhdr)                \addtolength{\topmargin}{-2.49998pt}.

[417]
Underfull \vbox (badness 3746) has occurred while \output is active []



Package fancyhdr Warning: \headheight is too small (12.0pt): 
(fancyhdr)                Make it at least 14.49998pt, for example:
(fancyhdr)                \setlength{\headheight}{14.49998pt}.
(fancyhdr)                You might also make \topmargin smaller to compensate:
(fancyhdr)                \addtolength{\topmargin}{-2.49998pt}.

[418]
Underfull \vbox (badness 3701) has occurred while \output is active []



Package fancyhdr Warning: \headheight is too small (12.0pt): 
(fancyhdr)                Make it at least 14.49998pt, for example:
(fancyhdr)                \setlength{\headheight}{14.49998pt}.
(fancyhdr)                You might also make \topmargin smaller to compensate:
(fancyhdr)                \addtolength{\topmargin}{-2.49998pt}.

[419]
Overfull \hbox (3.7994pt too wide) in paragraph at lines 1112--1113
[]\TU/SimSun(0)/m/n/12 本 章 最 后 一 个 方 法 不 涉 及 平 均 或 组 合 模 型，|  而 是 寻 找 \TU/SimSun(0)/b/n/12 更 好 的 单 个 模 型 \TU/SimSun(0)/m/n/12 的 技 术。| \TU/lmr/bx/n/12 Bump-
 []


Package fancyhdr Warning: \headheight is too small (12.0pt): 
(fancyhdr)                Make it at least 14.49998pt, for example:
(fancyhdr)                \setlength{\headheight}{14.49998pt}.
(fancyhdr)                You might also make \topmargin smaller to compensate:
(fancyhdr)                \addtolength{\topmargin}{-2.49998pt}.

[420]
Missing character: There is no ≈ (U+2248) in font [lmroman10-regular]:mapping=tex-text;!
Missing character: There is no ≈ (U+2248) in font [lmroman10-regular]:mapping=tex-text;!

Underfull \vbox (badness 7888) has occurred while \output is active []



Package fancyhdr Warning: \headheight is too small (12.0pt): 
(fancyhdr)                Make it at least 14.49998pt, for example:
(fancyhdr)                \setlength{\headheight}{14.49998pt}.
(fancyhdr)                You might also make \topmargin smaller to compensate:
(fancyhdr)                \addtolength{\topmargin}{-2.49998pt}.

[421]

Package fancyhdr Warning: \headheight is too small (12.0pt): 
(fancyhdr)                Make it at least 14.49998pt, for example:
(fancyhdr)                \setlength{\headheight}{14.49998pt}.
(fancyhdr)                You might also make \topmargin smaller to compensate:
(fancyhdr)                \addtolength{\topmargin}{-2.49998pt}.

[422]) (./Chapters/ch_加性模型树与相关方法.tex

Package fancyhdr Warning: \headheight is too small (12.0pt): 
(fancyhdr)                Make it at least 14.49998pt, for example:
(fancyhdr)                \setlength{\headheight}{14.49998pt}.
(fancyhdr)                You might also make \topmargin smaller to compensate:
(fancyhdr)                \addtolength{\topmargin}{-2.49998pt}.

[423]

Package fancyhdr Warning: \headheight is too small (12.0pt): 
(fancyhdr)                Make it at least 14.49998pt, for example:
(fancyhdr)                \setlength{\headheight}{14.49998pt}.
(fancyhdr)                You might also make \topmargin smaller to compensate:
(fancyhdr)                \addtolength{\topmargin}{-2.49998pt}.

[424

]
第十七章
[425]

Package fancyhdr Warning: \headheight is too small (12.0pt): 
(fancyhdr)                Make it at least 14.49998pt, for example:
(fancyhdr)                \setlength{\headheight}{14.49998pt}.
(fancyhdr)                You might also make \topmargin smaller to compensate:
(fancyhdr)                \addtolength{\topmargin}{-2.49998pt}.

[426]

Package fancyhdr Warning: \headheight is too small (12.0pt): 
(fancyhdr)                Make it at least 14.49998pt, for example:
(fancyhdr)                \setlength{\headheight}{14.49998pt}.
(fancyhdr)                You might also make \topmargin smaller to compensate:
(fancyhdr)                \addtolength{\topmargin}{-2.49998pt}.

[427]
Missing character: There is no ① (U+2460) in font [lmroman12-regular]:mapping=tex-text;!
Missing character: There is no ② (U+2461) in font [lmroman12-regular]:mapping=tex-text;!
Missing character: There is no ③ (U+2462) in font [lmroman12-regular]:mapping=tex-text;!

Package fancyhdr Warning: \headheight is too small (12.0pt): 
(fancyhdr)                Make it at least 14.49998pt, for example:
(fancyhdr)                \setlength{\headheight}{14.49998pt}.
(fancyhdr)                You might also make \topmargin smaller to compensate:
(fancyhdr)                \addtolength{\topmargin}{-2.49998pt}.

[428]

Package fancyhdr Warning: \headheight is too small (12.0pt): 
(fancyhdr)                Make it at least 14.49998pt, for example:
(fancyhdr)                \setlength{\headheight}{14.49998pt}.
(fancyhdr)                You might also make \topmargin smaller to compensate:
(fancyhdr)                \addtolength{\topmargin}{-2.49998pt}.

[429]

Package fancyhdr Warning: \headheight is too small (12.0pt): 
(fancyhdr)                Make it at least 14.49998pt, for example:
(fancyhdr)                \setlength{\headheight}{14.49998pt}.
(fancyhdr)                You might also make \topmargin smaller to compensate:
(fancyhdr)                \addtolength{\topmargin}{-2.49998pt}.

[430]

Package fancyhdr Warning: \headheight is too small (12.0pt): 
(fancyhdr)                Make it at least 14.49998pt, for example:
(fancyhdr)                \setlength{\headheight}{14.49998pt}.
(fancyhdr)                You might also make \topmargin smaller to compensate:
(fancyhdr)                \addtolength{\topmargin}{-2.49998pt}.

[431]
File: Chapters/pic/ch_加性模型、树及相关方法/figure_9_2.png Graphic file (type bmp)
<Chapters/pic/ch_加性模型、树及相关方法/figure_9_2.png>


Package fancyhdr Warning: \headheight is too small (12.0pt): 
(fancyhdr)                Make it at least 14.49998pt, for example:
(fancyhdr)                \setlength{\headheight}{14.49998pt}.
(fancyhdr)                You might also make \topmargin smaller to compensate:
(fancyhdr)                \addtolength{\topmargin}{-2.49998pt}.

[432]
Underfull \vbox (badness 2368) has occurred while \output is active []



Package fancyhdr Warning: \headheight is too small (12.0pt): 
(fancyhdr)                Make it at least 14.49998pt, for example:
(fancyhdr)                \setlength{\headheight}{14.49998pt}.
(fancyhdr)                You might also make \topmargin smaller to compensate:
(fancyhdr)                \addtolength{\topmargin}{-2.49998pt}.

[433]

Package fancyhdr Warning: \headheight is too small (12.0pt): 
(fancyhdr)                Make it at least 14.49998pt, for example:
(fancyhdr)                \setlength{\headheight}{14.49998pt}.
(fancyhdr)                You might also make \topmargin smaller to compensate:
(fancyhdr)                \addtolength{\topmargin}{-2.49998pt}.

[434]

Package fancyhdr Warning: \headheight is too small (12.0pt): 
(fancyhdr)                Make it at least 14.49998pt, for example:
(fancyhdr)                \setlength{\headheight}{14.49998pt}.
(fancyhdr)                You might also make \topmargin smaller to compensate:
(fancyhdr)                \addtolength{\topmargin}{-2.49998pt}.

[435]
Overfull \hbox (14.88744pt too wide) in paragraph at lines 367--368
[]\TU/SimSun(0)/b/n/12 叶 子 决 策：|  \TU/SimSun(0)/m/n/12 叶 $\OML/cmm/m/it/12 m$ \TU/SimSun(0)/m/n/12 输 出 多 数 类 $\OML/cmm/m/it/12 k\OT1/cmr/m/n/12 (\OML/cmm/m/it/12 m\OT1/cmr/m/n/12 ) = [] [][] []$\TU/SimSun(0)/m/n/12 ，|  或 类 概 率 向 量 $[] \OT1/cmr/m/n/12 = ([]\OML/cmm/m/it/12 ; [] ; []\OT1/cmr/m/n/12 )$\TU/SimSun(0)/m/n/12 ；| 
 []


Package fancyhdr Warning: \headheight is too small (12.0pt): 
(fancyhdr)                Make it at least 14.49998pt, for example:
(fancyhdr)                \setlength{\headheight}{14.49998pt}.
(fancyhdr)                You might also make \topmargin smaller to compensate:
(fancyhdr)                \addtolength{\topmargin}{-2.49998pt}.

[436]
Missing character: There is no ① (U+2460) in font [lmroman12-regular]:mapping=tex-text;!
Missing character: There is no ② (U+2461) in font [lmroman12-regular]:mapping=tex-text;!

Package fancyhdr Warning: \headheight is too small (12.0pt): 
(fancyhdr)                Make it at least 14.49998pt, for example:
(fancyhdr)                \setlength{\headheight}{14.49998pt}.
(fancyhdr)                You might also make \topmargin smaller to compensate:
(fancyhdr)                \addtolength{\topmargin}{-2.49998pt}.

[437]
Missing character: There is no ① (U+2460) in font [lmroman12-regular]:mapping=tex-text;!
Missing character: There is no ② (U+2461) in font [lmroman12-regular]:mapping=tex-text;!

Package fancyhdr Warning: \headheight is too small (12.0pt): 
(fancyhdr)                Make it at least 14.49998pt, for example:
(fancyhdr)                \setlength{\headheight}{14.49998pt}.
(fancyhdr)                You might also make \topmargin smaller to compensate:
(fancyhdr)                \addtolength{\topmargin}{-2.49998pt}.

[438]

Package fancyhdr Warning: \headheight is too small (12.0pt): 
(fancyhdr)                Make it at least 14.49998pt, for example:
(fancyhdr)                \setlength{\headheight}{14.49998pt}.
(fancyhdr)                You might also make \topmargin smaller to compensate:
(fancyhdr)                \addtolength{\topmargin}{-2.49998pt}.

[439]
File: Chapters/pic/ch_加性模型、树及相关方法/figure_9_7.png Graphic file (type bmp)
<Chapters/pic/ch_加性模型、树及相关方法/figure_9_7.png>


Package fancyhdr Warning: \headheight is too small (12.0pt): 
(fancyhdr)                Make it at least 14.49998pt, for example:
(fancyhdr)                \setlength{\headheight}{14.49998pt}.
(fancyhdr)                You might also make \topmargin smaller to compensate:
(fancyhdr)                \addtolength{\topmargin}{-2.49998pt}.

[440]
File: Chapters/pic/ch_加性模型、树及相关方法/figure_9_8.png Graphic file (type bmp)
<Chapters/pic/ch_加性模型、树及相关方法/figure_9_8.png>


Package fancyhdr Warning: \headheight is too small (12.0pt): 
(fancyhdr)                Make it at least 14.49998pt, for example:
(fancyhdr)                \setlength{\headheight}{14.49998pt}.
(fancyhdr)                You might also make \topmargin smaller to compensate:
(fancyhdr)                \addtolength{\topmargin}{-2.49998pt}.

[441]

Package fancyhdr Warning: \headheight is too small (12.0pt): 
(fancyhdr)                Make it at least 14.49998pt, for example:
(fancyhdr)                \setlength{\headheight}{14.49998pt}.
(fancyhdr)                You might also make \topmargin smaller to compensate:
(fancyhdr)                \addtolength{\topmargin}{-2.49998pt}.

[442]
Missing character: There is no ① (U+2460) in font [lmroman12-regular]:mapping=tex-text;!
Missing character: There is no ② (U+2461) in font [lmroman12-regular]:mapping=tex-text;!
Missing character: There is no ③ (U+2462) in font [lmroman12-regular]:mapping=tex-text;!
Missing character: There is no ④ (U+2463) in font [lmroman12-regular]:mapping=tex-text;!
Missing character: There is no ① (U+2460) in font [lmroman12-regular]:mapping=tex-text;!
Missing character: There is no ② (U+2461) in font [lmroman12-regular]:mapping=tex-text;!
Missing character: There is no ③ (U+2462) in font [lmroman12-regular]:mapping=tex-text;!
Missing character: There is no ④ (U+2463) in font [lmroman12-regular]:mapping=tex-text;!

Package fancyhdr Warning: \headheight is too small (12.0pt): 
(fancyhdr)                Make it at least 14.49998pt, for example:
(fancyhdr)                \setlength{\headheight}{14.49998pt}.
(fancyhdr)                You might also make \topmargin smaller to compensate:
(fancyhdr)                \addtolength{\topmargin}{-2.49998pt}.

[443]

Package fancyhdr Warning: \headheight is too small (12.0pt): 
(fancyhdr)                Make it at least 14.49998pt, for example:
(fancyhdr)                \setlength{\headheight}{14.49998pt}.
(fancyhdr)                You might also make \topmargin smaller to compensate:
(fancyhdr)                \addtolength{\topmargin}{-2.49998pt}.

[444]
Missing character: There is no ① (U+2460) in font [lmroman12-regular]:mapping=tex-text;!
Missing character: There is no ② (U+2461) in font [lmroman12-regular]:mapping=tex-text;!

Package fancyhdr Warning: \headheight is too small (12.0pt): 
(fancyhdr)                Make it at least 14.49998pt, for example:
(fancyhdr)                \setlength{\headheight}{14.49998pt}.
(fancyhdr)                You might also make \topmargin smaller to compensate:
(fancyhdr)                \addtolength{\topmargin}{-2.49998pt}.

[445]
File: Chapters/pic/ch_加性模型、树及相关方法/figure_9_13.png Graphic file (type bmp)
<Chapters/pic/ch_加性模型、树及相关方法/figure_9_13.png>

Underfull \vbox (badness 10000) has occurred while \output is active []



Package fancyhdr Warning: \headheight is too small (12.0pt): 
(fancyhdr)                Make it at least 14.49998pt, for example:
(fancyhdr)                \setlength{\headheight}{14.49998pt}.
(fancyhdr)                You might also make \topmargin smaller to compensate:
(fancyhdr)                \addtolength{\topmargin}{-2.49998pt}.

[446]

Package fancyhdr Warning: \headheight is too small (12.0pt): 
(fancyhdr)                Make it at least 14.49998pt, for example:
(fancyhdr)                \setlength{\headheight}{14.49998pt}.
(fancyhdr)                You might also make \topmargin smaller to compensate:
(fancyhdr)                \addtolength{\topmargin}{-2.49998pt}.

[447]

Package fancyhdr Warning: \headheight is too small (12.0pt): 
(fancyhdr)                Make it at least 14.49998pt, for example:
(fancyhdr)                \setlength{\headheight}{14.49998pt}.
(fancyhdr)                You might also make \topmargin smaller to compensate:
(fancyhdr)                \addtolength{\topmargin}{-2.49998pt}.

[448]

Package fancyhdr Warning: \headheight is too small (12.0pt): 
(fancyhdr)                Make it at least 14.49998pt, for example:
(fancyhdr)                \setlength{\headheight}{14.49998pt}.
(fancyhdr)                You might also make \topmargin smaller to compensate:
(fancyhdr)                \addtolength{\topmargin}{-2.49998pt}.

[449]

Package fancyhdr Warning: \headheight is too small (12.0pt): 
(fancyhdr)                Make it at least 14.49998pt, for example:
(fancyhdr)                \setlength{\headheight}{14.49998pt}.
(fancyhdr)                You might also make \topmargin smaller to compensate:
(fancyhdr)                \addtolength{\topmargin}{-2.49998pt}.

[450]

Package fancyhdr Warning: \headheight is too small (12.0pt): 
(fancyhdr)                Make it at least 14.49998pt, for example:
(fancyhdr)                \setlength{\headheight}{14.49998pt}.
(fancyhdr)                You might also make \topmargin smaller to compensate:
(fancyhdr)                \addtolength{\topmargin}{-2.49998pt}.

[451]

Package fancyhdr Warning: \headheight is too small (12.0pt): 
(fancyhdr)                Make it at least 14.49998pt, for example:
(fancyhdr)                \setlength{\headheight}{14.49998pt}.
(fancyhdr)                You might also make \topmargin smaller to compensate:
(fancyhdr)                \addtolength{\topmargin}{-2.49998pt}.

[452]

Package fancyhdr Warning: \headheight is too small (12.0pt): 
(fancyhdr)                Make it at least 14.49998pt, for example:
(fancyhdr)                \setlength{\headheight}{14.49998pt}.
(fancyhdr)                You might also make \topmargin smaller to compensate:
(fancyhdr)                \addtolength{\topmargin}{-2.49998pt}.

[453]) (./Chapters/ch_提升与加性树.tex

Package fancyhdr Warning: \headheight is too small (12.0pt): 
(fancyhdr)                Make it at least 14.49998pt, for example:
(fancyhdr)                \setlength{\headheight}{14.49998pt}.
(fancyhdr)                You might also make \topmargin smaller to compensate:
(fancyhdr)                \addtolength{\topmargin}{-2.49998pt}.

[454]
第十八章

Underfull \vbox (badness 10000) has occurred while \output is active []

 [455

]
Overfull \hbox (11.3652pt too wide) in paragraph at lines 72--73
[]\TU/SimSun(0)/m/n/12 数 据 修 改 方 式：|  在 每 一 步 \TU/lmr/m/n/12 boosting \TU/SimSun(0)/m/n/12 中，|  对 每 个 训 练 观 测 $\OT1/cmr/m/n/12 (\OML/cmm/m/it/12 x[]; y[]\OT1/cmr/m/n/12 )$ \TU/SimSun(0)/m/n/12 施 加 权 重 $\OML/cmm/m/it/12 w[]; w[]; [] ; w[]$\TU/SimSun(0)/m/n/12 。|
 []


Package fancyhdr Warning: \headheight is too small (12.0pt): 
(fancyhdr)                Make it at least 14.49998pt, for example:
(fancyhdr)                \setlength{\headheight}{14.49998pt}.
(fancyhdr)                You might also make \topmargin smaller to compensate:
(fancyhdr)                \addtolength{\topmargin}{-2.49998pt}.

[456]

Package fancyhdr Warning: \headheight is too small (12.0pt): 
(fancyhdr)                Make it at least 14.49998pt, for example:
(fancyhdr)                \setlength{\headheight}{14.49998pt}.
(fancyhdr)                You might also make \topmargin smaller to compensate:
(fancyhdr)                \addtolength{\topmargin}{-2.49998pt}.

[457]

Package fancyhdr Warning: \headheight is too small (12.0pt): 
(fancyhdr)                Make it at least 14.49998pt, for example:
(fancyhdr)                \setlength{\headheight}{14.49998pt}.
(fancyhdr)                You might also make \topmargin smaller to compensate:
(fancyhdr)                \addtolength{\topmargin}{-2.49998pt}.

[458]

Package fancyhdr Warning: \headheight is too small (12.0pt): 
(fancyhdr)                Make it at least 14.49998pt, for example:
(fancyhdr)                \setlength{\headheight}{14.49998pt}.
(fancyhdr)                You might also make \topmargin smaller to compensate:
(fancyhdr)                \addtolength{\topmargin}{-2.49998pt}.

[459]

Package fancyhdr Warning: \headheight is too small (12.0pt): 
(fancyhdr)                Make it at least 14.49998pt, for example:
(fancyhdr)                \setlength{\headheight}{14.49998pt}.
(fancyhdr)                You might also make \topmargin smaller to compensate:
(fancyhdr)                \addtolength{\topmargin}{-2.49998pt}.

[460]

Package fancyhdr Warning: \headheight is too small (12.0pt): 
(fancyhdr)                Make it at least 14.49998pt, for example:
(fancyhdr)                \setlength{\headheight}{14.49998pt}.
(fancyhdr)                You might also make \topmargin smaller to compensate:
(fancyhdr)                \addtolength{\topmargin}{-2.49998pt}.

[461]

Package fancyhdr Warning: \headheight is too small (12.0pt): 
(fancyhdr)                Make it at least 14.49998pt, for example:
(fancyhdr)                \setlength{\headheight}{14.49998pt}.
(fancyhdr)                You might also make \topmargin smaller to compensate:
(fancyhdr)                \addtolength{\topmargin}{-2.49998pt}.

[462]

Package fancyhdr Warning: \headheight is too small (12.0pt): 
(fancyhdr)                Make it at least 14.49998pt, for example:
(fancyhdr)                \setlength{\headheight}{14.49998pt}.
(fancyhdr)                You might also make \topmargin smaller to compensate:
(fancyhdr)                \addtolength{\topmargin}{-2.49998pt}.

[463]
Overfull \hbox (6.75255pt too wide) detected at line 362
\U/msb/m/n/12 E\OT1/cmr/m/n/12 (\OML/cmm/m/it/12 Y \OMS/cmsy/m/n/12 j \OML/cmm/m/it/12 x\OT1/cmr/m/n/12 ) = [] \OML/cmm/m/it/12 y \OMS/cmsy/m/n/12 ^^A []\OT1/cmr/m/n/12 (\OML/cmm/m/it/12 Y \OT1/cmr/m/n/12 = \OML/cmm/m/it/12 y \OMS/cmsy/m/n/12 j \OML/cmm/m/it/12 x\OT1/cmr/m/n/12 ) = 1 \OMS/cmsy/m/n/12 ^^A \OML/cmm/m/it/12 p \OT1/cmr/m/n/12 + (\OMS/cmsy/m/n/12 ^^@\OT1/cmr/m/n/12 1) \OMS/cmsy/m/n/12 ^^A \OT1/cmr/m/n/12 (1 \OMS/cmsy/m/n/12 ^^@ \OML/cmm/m/it/12 p\OT1/cmr/m/n/12 ) = \OML/cmm/m/it/12 p \OMS/cmsy/m/n/12 ^^@ \OT1/cmr/m/n/12 1 + \OML/cmm/m/it/12 p \OT1/cmr/m/n/12 = 2\OML/cmm/m/it/12 p \OMS/cmsy/m/n/12 ^^@ \OT1/cmr/m/n/12 1 = 2 [](\OML/cmm/m/it/12 Y \OT1/cmr/m/n/12 = 1 \OMS/cmsy/m/n/12 j \OML/cmm/m/it/12 x\OT1/cmr/m/n/12 ) \OMS/cmsy/m/n/12 ^^@ \OT1/cmr/m/n/12 1\OML/cmm/m/it/12 :
 []


Package fancyhdr Warning: \headheight is too small (12.0pt): 
(fancyhdr)                Make it at least 14.49998pt, for example:
(fancyhdr)                \setlength{\headheight}{14.49998pt}.
(fancyhdr)                You might also make \topmargin smaller to compensate:
(fancyhdr)                \addtolength{\topmargin}{-2.49998pt}.

[464]
Underfull \vbox (badness 10000) has occurred while \output is active []



Package fancyhdr Warning: \headheight is too small (12.0pt): 
(fancyhdr)                Make it at least 14.49998pt, for example:
(fancyhdr)                \setlength{\headheight}{14.49998pt}.
(fancyhdr)                You might also make \topmargin smaller to compensate:
(fancyhdr)                \addtolength{\topmargin}{-2.49998pt}.

[465]

Package fancyhdr Warning: \headheight is too small (12.0pt): 
(fancyhdr)                Make it at least 14.49998pt, for example:
(fancyhdr)                \setlength{\headheight}{14.49998pt}.
(fancyhdr)                You might also make \topmargin smaller to compensate:
(fancyhdr)                \addtolength{\topmargin}{-2.49998pt}.

[466]
Underfull \vbox (badness 8019) has occurred while \output is active []



Package fancyhdr Warning: \headheight is too small (12.0pt): 
(fancyhdr)                Make it at least 14.49998pt, for example:
(fancyhdr)                \setlength{\headheight}{14.49998pt}.
(fancyhdr)                You might also make \topmargin smaller to compensate:
(fancyhdr)                \addtolength{\topmargin}{-2.49998pt}.

[467]
Overfull \hbox (0.5496pt too wide) in paragraph at lines 502--503
[]\TU/SimSun(0)/m/n/12 回 归 与 分 类 树 详 见 \TU/lmr/m/n/12 §9.2\TU/SimSun(0)/m/n/12 。|  树 把 所 有 预 测 变 量 联 合 取 值 空 间 划 分 为 \TU/SimSun(0)/b/n/12 不 相 交 区 域 $\OML/cmm/m/it/12 R[];  j \OT1/cmr/m/n/12 =
 []


Underfull \vbox (badness 10000) has occurred while \output is active []



Package fancyhdr Warning: \headheight is too small (12.0pt): 
(fancyhdr)                Make it at least 14.49998pt, for example:
(fancyhdr)                \setlength{\headheight}{14.49998pt}.
(fancyhdr)                You might also make \topmargin smaller to compensate:
(fancyhdr)                \addtolength{\topmargin}{-2.49998pt}.

[468]

Package fancyhdr Warning: \headheight is too small (12.0pt): 
(fancyhdr)                Make it at least 14.49998pt, for example:
(fancyhdr)                \setlength{\headheight}{14.49998pt}.
(fancyhdr)                You might also make \topmargin smaller to compensate:
(fancyhdr)                \addtolength{\topmargin}{-2.49998pt}.

[469]

Package fancyhdr Warning: \headheight is too small (12.0pt): 
(fancyhdr)                Make it at least 14.49998pt, for example:
(fancyhdr)                \setlength{\headheight}{14.49998pt}.
(fancyhdr)                You might also make \topmargin smaller to compensate:
(fancyhdr)                \addtolength{\topmargin}{-2.49998pt}.

[470]

Package fancyhdr Warning: \headheight is too small (12.0pt): 
(fancyhdr)                Make it at least 14.49998pt, for example:
(fancyhdr)                \setlength{\headheight}{14.49998pt}.
(fancyhdr)                You might also make \topmargin smaller to compensate:
(fancyhdr)                \addtolength{\topmargin}{-2.49998pt}.

[471]
Underfull \vbox (badness 10000) has occurred while \output is active []



Package fancyhdr Warning: \headheight is too small (12.0pt): 
(fancyhdr)                Make it at least 14.49998pt, for example:
(fancyhdr)                \setlength{\headheight}{14.49998pt}.
(fancyhdr)                You might also make \topmargin smaller to compensate:
(fancyhdr)                \addtolength{\topmargin}{-2.49998pt}.

[472]
Underfull \vbox (badness 10000) has occurred while \output is active []



Package fancyhdr Warning: \headheight is too small (12.0pt): 
(fancyhdr)                Make it at least 14.49998pt, for example:
(fancyhdr)                \setlength{\headheight}{14.49998pt}.
(fancyhdr)                You might also make \topmargin smaller to compensate:
(fancyhdr)                \addtolength{\topmargin}{-2.49998pt}.

[473]

Package fancyhdr Warning: \headheight is too small (12.0pt): 
(fancyhdr)                Make it at least 14.49998pt, for example:
(fancyhdr)                \setlength{\headheight}{14.49998pt}.
(fancyhdr)                You might also make \topmargin smaller to compensate:
(fancyhdr)                \addtolength{\topmargin}{-2.49998pt}.

[474]

Package fancyhdr Warning: \headheight is too small (12.0pt): 
(fancyhdr)                Make it at least 14.49998pt, for example:
(fancyhdr)                \setlength{\headheight}{14.49998pt}.
(fancyhdr)                You might also make \topmargin smaller to compensate:
(fancyhdr)                \addtolength{\topmargin}{-2.49998pt}.

[475]

Package fancyhdr Warning: \headheight is too small (12.0pt): 
(fancyhdr)                Make it at least 14.49998pt, for example:
(fancyhdr)                \setlength{\headheight}{14.49998pt}.
(fancyhdr)                You might also make \topmargin smaller to compensate:
(fancyhdr)                \addtolength{\topmargin}{-2.49998pt}.

[476]

Package fancyhdr Warning: \headheight is too small (12.0pt): 
(fancyhdr)                Make it at least 14.49998pt, for example:
(fancyhdr)                \setlength{\headheight}{14.49998pt}.
(fancyhdr)                You might also make \topmargin smaller to compensate:
(fancyhdr)                \addtolength{\topmargin}{-2.49998pt}.

[477]

Package fancyhdr Warning: \headheight is too small (12.0pt): 
(fancyhdr)                Make it at least 14.49998pt, for example:
(fancyhdr)                \setlength{\headheight}{14.49998pt}.
(fancyhdr)                You might also make \topmargin smaller to compensate:
(fancyhdr)                \addtolength{\topmargin}{-2.49998pt}.

[478]

Package fancyhdr Warning: \headheight is too small (12.0pt): 
(fancyhdr)                Make it at least 14.49998pt, for example:
(fancyhdr)                \setlength{\headheight}{14.49998pt}.
(fancyhdr)                You might also make \topmargin smaller to compensate:
(fancyhdr)                \addtolength{\topmargin}{-2.49998pt}.

[479]
Overfull \hbox (14.8912pt too wide) in paragraph at lines 874--875
 [] 
 []


Package fancyhdr Warning: \headheight is too small (12.0pt): 
(fancyhdr)                Make it at least 14.49998pt, for example:
(fancyhdr)                \setlength{\headheight}{14.49998pt}.
(fancyhdr)                You might also make \topmargin smaller to compensate:
(fancyhdr)                \addtolength{\topmargin}{-2.49998pt}.

[480]

Package fancyhdr Warning: \headheight is too small (12.0pt): 
(fancyhdr)                Make it at least 14.49998pt, for example:
(fancyhdr)                \setlength{\headheight}{14.49998pt}.
(fancyhdr)                You might also make \topmargin smaller to compensate:
(fancyhdr)                \addtolength{\topmargin}{-2.49998pt}.

[481]

Package fancyhdr Warning: \headheight is too small (12.0pt): 
(fancyhdr)                Make it at least 14.49998pt, for example:
(fancyhdr)                \setlength{\headheight}{14.49998pt}.
(fancyhdr)                You might also make \topmargin smaller to compensate:
(fancyhdr)                \addtolength{\topmargin}{-2.49998pt}.

[482]

Package fancyhdr Warning: \headheight is too small (12.0pt): 
(fancyhdr)                Make it at least 14.49998pt, for example:
(fancyhdr)                \setlength{\headheight}{14.49998pt}.
(fancyhdr)                You might also make \topmargin smaller to compensate:
(fancyhdr)                \addtolength{\topmargin}{-2.49998pt}.

[483]) (./Chapters/ch_神经网络.tex

Package fancyhdr Warning: \headheight is too small (12.0pt): 
(fancyhdr)                Make it at least 14.49998pt, for example:
(fancyhdr)                \setlength{\headheight}{14.49998pt}.
(fancyhdr)                You might also make \topmargin smaller to compensate:
(fancyhdr)                \addtolength{\topmargin}{-2.49998pt}.

[484]
第十九章
File: Chapters/pic/ch_神经网络/figure_11_1.png Graphic file (type bmp)
<Chapters/pic/ch_神经网络/figure_11_1.png>

Overfull \hbox (26.49103pt too wide) in paragraph at lines 40--41
[] []\TU/SimSun(0)/b/n/12 为 什 么 $\OML/cmm/m/it/12 g[]\OT1/cmr/m/n/12 (\OML/cmm/m/it/12 ![]X\OT1/cmr/m/n/12 )$ \TU/SimSun(0)/b/n/12 只 在 $\OML/cmm/m/it/12 ![]$ \TU/SimSun(0)/b/n/12 定 义 的 方 向 上 变 化？| $\OML/cmm/m/it/12 ![]X$ \TU/SimSun(0)/b/n/12 是 内 积 吗？|[] \TU/SimSun(0)/m/n/12 是 的，| $\OML/cmm/m/it/12 ![]X \OT1/cmr/m/n/12 = [][] \OML/cmm/m/it/12 ![]X[] \OT1/cmr/m/n/12 =
 []

[485

]

Package fancyhdr Warning: \headheight is too small (12.0pt): 
(fancyhdr)                Make it at least 14.49998pt, for example:
(fancyhdr)                \setlength{\headheight}{14.49998pt}.
(fancyhdr)                You might also make \topmargin smaller to compensate:
(fancyhdr)                \addtolength{\topmargin}{-2.49998pt}.

[486]

Package fancyhdr Warning: \headheight is too small (12.0pt): 
(fancyhdr)                Make it at least 14.49998pt, for example:
(fancyhdr)                \setlength{\headheight}{14.49998pt}.
(fancyhdr)                You might also make \topmargin smaller to compensate:
(fancyhdr)                \addtolength{\topmargin}{-2.49998pt}.

[487]

Package fancyhdr Warning: \headheight is too small (12.0pt): 
(fancyhdr)                Make it at least 14.49998pt, for example:
(fancyhdr)                \setlength{\headheight}{14.49998pt}.
(fancyhdr)                You might also make \topmargin smaller to compensate:
(fancyhdr)                \addtolength{\topmargin}{-2.49998pt}.

[488]

Package fancyhdr Warning: \headheight is too small (12.0pt): 
(fancyhdr)                Make it at least 14.49998pt, for example:
(fancyhdr)                \setlength{\headheight}{14.49998pt}.
(fancyhdr)                You might also make \topmargin smaller to compensate:
(fancyhdr)                \addtolength{\topmargin}{-2.49998pt}.

[489]
Overfull \hbox (27.58705pt too wide) detected at line 266
[][][]\OMS/cmsy/m/n/12 f\OML/cmm/m/it/12 ^^K[]; ^^K[]\OT1/cmr/m/n/12 ;  \OML/cmm/m/it/12 m \OT1/cmr/m/n/12 = 1\OML/cmm/m/it/12 ; [] ; M\OMS/cmsy/m/n/12 g[]\OML/cmm/m/it/12 M\OT1/cmr/m/n/12 (\OML/cmm/m/it/12 p \OT1/cmr/m/n/12 + 1)[]\OML/cmm/m/it/12 ;  \OMS/cmsy/m/n/12 f\OML/cmm/m/it/12 ^^L[]; ^^L[]\OT1/cmr/m/n/12 ;  \OML/cmm/m/it/12 k \OT1/cmr/m/n/12 = 1\OML/cmm/m/it/12 ; [] ; K\OMS/cmsy/m/n/12 g[]\OML/cmm/m/it/12 K\OT1/cmr/m/n/12 (\OML/cmm/m/it/12 M \OT1/cmr/m/n/12 + 1)[]\OML/cmm/m/it/12 :
 []


Package fancyhdr Warning: \headheight is too small (12.0pt): 
(fancyhdr)                Make it at least 14.49998pt, for example:
(fancyhdr)                \setlength{\headheight}{14.49998pt}.
(fancyhdr)                You might also make \topmargin smaller to compensate:
(fancyhdr)                \addtolength{\topmargin}{-2.49998pt}.

[490]

Package fancyhdr Warning: \headheight is too small (12.0pt): 
(fancyhdr)                Make it at least 14.49998pt, for example:
(fancyhdr)                \setlength{\headheight}{14.49998pt}.
(fancyhdr)                You might also make \topmargin smaller to compensate:
(fancyhdr)                \addtolength{\topmargin}{-2.49998pt}.

[491]

Package fancyhdr Warning: \headheight is too small (12.0pt): 
(fancyhdr)                Make it at least 14.49998pt, for example:
(fancyhdr)                \setlength{\headheight}{14.49998pt}.
(fancyhdr)                You might also make \topmargin smaller to compensate:
(fancyhdr)                \addtolength{\topmargin}{-2.49998pt}.

[492]

Package fancyhdr Warning: \headheight is too small (12.0pt): 
(fancyhdr)                Make it at least 14.49998pt, for example:
(fancyhdr)                \setlength{\headheight}{14.49998pt}.
(fancyhdr)                You might also make \topmargin smaller to compensate:
(fancyhdr)                \addtolength{\topmargin}{-2.49998pt}.

[493]

Package fancyhdr Warning: \headheight is too small (12.0pt): 
(fancyhdr)                Make it at least 14.49998pt, for example:
(fancyhdr)                \setlength{\headheight}{14.49998pt}.
(fancyhdr)                You might also make \topmargin smaller to compensate:
(fancyhdr)                \addtolength{\topmargin}{-2.49998pt}.

[494]

Package fancyhdr Warning: \headheight is too small (12.0pt): 
(fancyhdr)                Make it at least 14.49998pt, for example:
(fancyhdr)                \setlength{\headheight}{14.49998pt}.
(fancyhdr)                You might also make \topmargin smaller to compensate:
(fancyhdr)                \addtolength{\topmargin}{-2.49998pt}.

[495]

Package fancyhdr Warning: \headheight is too small (12.0pt): 
(fancyhdr)                Make it at least 14.49998pt, for example:
(fancyhdr)                \setlength{\headheight}{14.49998pt}.
(fancyhdr)                You might also make \topmargin smaller to compensate:
(fancyhdr)                \addtolength{\topmargin}{-2.49998pt}.

[496]

Package fancyhdr Warning: \headheight is too small (12.0pt): 
(fancyhdr)                Make it at least 14.49998pt, for example:
(fancyhdr)                \setlength{\headheight}{14.49998pt}.
(fancyhdr)                You might also make \topmargin smaller to compensate:
(fancyhdr)                \addtolength{\topmargin}{-2.49998pt}.

[497]

Package fancyhdr Warning: \headheight is too small (12.0pt): 
(fancyhdr)                Make it at least 14.49998pt, for example:
(fancyhdr)                \setlength{\headheight}{14.49998pt}.
(fancyhdr)                You might also make \topmargin smaller to compensate:
(fancyhdr)                \addtolength{\topmargin}{-2.49998pt}.

[498]

Package fancyhdr Warning: \headheight is too small (12.0pt): 
(fancyhdr)                Make it at least 14.49998pt, for example:
(fancyhdr)                \setlength{\headheight}{14.49998pt}.
(fancyhdr)                You might also make \topmargin smaller to compensate:
(fancyhdr)                \addtolength{\topmargin}{-2.49998pt}.

[499]
Underfull \vbox (badness 1117) has occurred while \output is active []



Package fancyhdr Warning: \headheight is too small (12.0pt): 
(fancyhdr)                Make it at least 14.49998pt, for example:
(fancyhdr)                \setlength{\headheight}{14.49998pt}.
(fancyhdr)                You might also make \topmargin smaller to compensate:
(fancyhdr)                \addtolength{\topmargin}{-2.49998pt}.

[500]

Package fancyhdr Warning: \headheight is too small (12.0pt): 
(fancyhdr)                Make it at least 14.49998pt, for example:
(fancyhdr)                \setlength{\headheight}{14.49998pt}.
(fancyhdr)                You might also make \topmargin smaller to compensate:
(fancyhdr)                \addtolength{\topmargin}{-2.49998pt}.

[501]

Package fancyhdr Warning: \headheight is too small (12.0pt): 
(fancyhdr)                Make it at least 14.49998pt, for example:
(fancyhdr)                \setlength{\headheight}{14.49998pt}.
(fancyhdr)                You might also make \topmargin smaller to compensate:
(fancyhdr)                \addtolength{\topmargin}{-2.49998pt}.

[502]
Overfull \hbox (67.6443pt too wide) detected at line 727
[]\OT1/cmr/m/n/12 (\OML/cmm/m/it/12 Y[] \OMS/cmsy/m/n/12 j \OML/cmm/m/it/12 X[]; X[]; y[]\OT1/cmr/m/n/12 ) = [] [](\OML/cmm/m/it/12 Y[] \OMS/cmsy/m/n/12 j \OML/cmm/m/it/12 X[]; ^^R\OT1/cmr/m/n/12 )  [](\OML/cmm/m/it/12 ^^R \OMS/cmsy/m/n/12 j \OML/cmm/m/it/12 X[]; y[]\OT1/cmr/m/n/12 ) \OML/cmm/m/it/12 d^^R  \OMS/cmsy/m/n/12 ^^Y  [] [] []\OT1/cmr/m/n/12 (\OML/cmm/m/it/12 Y[] \OMS/cmsy/m/n/12 j \OML/cmm/m/it/12 X[]; ^^R[]\OT1/cmr/m/n/12 )\OML/cmm/m/it/12 :
 []


Package fancyhdr Warning: \headheight is too small (12.0pt): 
(fancyhdr)                Make it at least 14.49998pt, for example:
(fancyhdr)                \setlength{\headheight}{14.49998pt}.
(fancyhdr)                You might also make \topmargin smaller to compensate:
(fancyhdr)                \addtolength{\topmargin}{-2.49998pt}.

[503]

Package fancyhdr Warning: \headheight is too small (12.0pt): 
(fancyhdr)                Make it at least 14.49998pt, for example:
(fancyhdr)                \setlength{\headheight}{14.49998pt}.
(fancyhdr)                You might also make \topmargin smaller to compensate:
(fancyhdr)                \addtolength{\topmargin}{-2.49998pt}.

[504]

Package fancyhdr Warning: \headheight is too small (12.0pt): 
(fancyhdr)                Make it at least 14.49998pt, for example:
(fancyhdr)                \setlength{\headheight}{14.49998pt}.
(fancyhdr)                You might also make \topmargin smaller to compensate:
(fancyhdr)                \addtolength{\topmargin}{-2.49998pt}.

[505]

Package fancyhdr Warning: \headheight is too small (12.0pt): 
(fancyhdr)                Make it at least 14.49998pt, for example:
(fancyhdr)                \setlength{\headheight}{14.49998pt}.
(fancyhdr)                You might also make \topmargin smaller to compensate:
(fancyhdr)                \addtolength{\topmargin}{-2.49998pt}.

[506]

Package fancyhdr Warning: \headheight is too small (12.0pt): 
(fancyhdr)                Make it at least 14.49998pt, for example:
(fancyhdr)                \setlength{\headheight}{14.49998pt}.
(fancyhdr)                You might also make \topmargin smaller to compensate:
(fancyhdr)                \addtolength{\topmargin}{-2.49998pt}.

[507]) (./Chapters/ch_支持向量机与灵活判别.tex

Package fancyhdr Warning: \headheight is too small (12.0pt): 
(fancyhdr)                Make it at least 14.49998pt, for example:
(fancyhdr)                \setlength{\headheight}{14.49998pt}.
(fancyhdr)                You might also make \topmargin smaller to compensate:
(fancyhdr)                \addtolength{\topmargin}{-2.49998pt}.

[508]
第二十章
[509

]

Package fancyhdr Warning: \headheight is too small (12.0pt): 
(fancyhdr)                Make it at least 28.69379pt, for example:
(fancyhdr)                \setlength{\headheight}{28.69379pt}.
(fancyhdr)                You might also make \topmargin smaller to compensate:
(fancyhdr)                \addtolength{\topmargin}{-16.69379pt}.

[510]

Package fancyhdr Warning: \headheight is too small (12.0pt): 
(fancyhdr)                Make it at least 28.69379pt, for example:
(fancyhdr)                \setlength{\headheight}{28.69379pt}.
(fancyhdr)                You might also make \topmargin smaller to compensate:
(fancyhdr)                \addtolength{\topmargin}{-16.69379pt}.

[511]

Package fancyhdr Warning: \headheight is too small (12.0pt): 
(fancyhdr)                Make it at least 28.69379pt, for example:
(fancyhdr)                \setlength{\headheight}{28.69379pt}.
(fancyhdr)                You might also make \topmargin smaller to compensate:
(fancyhdr)                \addtolength{\topmargin}{-16.69379pt}.

[512]

Package fancyhdr Warning: \headheight is too small (12.0pt): 
(fancyhdr)                Make it at least 28.69379pt, for example:
(fancyhdr)                \setlength{\headheight}{28.69379pt}.
(fancyhdr)                You might also make \topmargin smaller to compensate:
(fancyhdr)                \addtolength{\topmargin}{-16.69379pt}.

[513]

Package fancyhdr Warning: \headheight is too small (12.0pt): 
(fancyhdr)                Make it at least 28.69379pt, for example:
(fancyhdr)                \setlength{\headheight}{28.69379pt}.
(fancyhdr)                You might also make \topmargin smaller to compensate:
(fancyhdr)                \addtolength{\topmargin}{-16.69379pt}.

[514]
Overfull \hbox (0.8655pt too wide) in paragraph at lines 297--307
 [][] 
 []


Package fancyhdr Warning: \headheight is too small (12.0pt): 
(fancyhdr)                Make it at least 28.69379pt, for example:
(fancyhdr)                \setlength{\headheight}{28.69379pt}.
(fancyhdr)                You might also make \topmargin smaller to compensate:
(fancyhdr)                \addtolength{\topmargin}{-16.69379pt}.

[515]

Package fancyhdr Warning: \headheight is too small (12.0pt): 
(fancyhdr)                Make it at least 28.69379pt, for example:
(fancyhdr)                \setlength{\headheight}{28.69379pt}.
(fancyhdr)                You might also make \topmargin smaller to compensate:
(fancyhdr)                \addtolength{\topmargin}{-16.69379pt}.

[516]

Package fancyhdr Warning: \headheight is too small (12.0pt): 
(fancyhdr)                Make it at least 28.69379pt, for example:
(fancyhdr)                \setlength{\headheight}{28.69379pt}.
(fancyhdr)                You might also make \topmargin smaller to compensate:
(fancyhdr)                \addtolength{\topmargin}{-16.69379pt}.

[517]

Package fancyhdr Warning: \headheight is too small (12.0pt): 
(fancyhdr)                Make it at least 28.69379pt, for example:
(fancyhdr)                \setlength{\headheight}{28.69379pt}.
(fancyhdr)                You might also make \topmargin smaller to compensate:
(fancyhdr)                \addtolength{\topmargin}{-16.69379pt}.

[518]

Package fancyhdr Warning: \headheight is too small (12.0pt): 
(fancyhdr)                Make it at least 28.69379pt, for example:
(fancyhdr)                \setlength{\headheight}{28.69379pt}.
(fancyhdr)                You might also make \topmargin smaller to compensate:
(fancyhdr)                \addtolength{\topmargin}{-16.69379pt}.

[519]

Package fancyhdr Warning: \headheight is too small (12.0pt): 
(fancyhdr)                Make it at least 28.69379pt, for example:
(fancyhdr)                \setlength{\headheight}{28.69379pt}.
(fancyhdr)                You might also make \topmargin smaller to compensate:
(fancyhdr)                \addtolength{\topmargin}{-16.69379pt}.

[520]

Package fancyhdr Warning: \headheight is too small (12.0pt): 
(fancyhdr)                Make it at least 28.69379pt, for example:
(fancyhdr)                \setlength{\headheight}{28.69379pt}.
(fancyhdr)                You might also make \topmargin smaller to compensate:
(fancyhdr)                \addtolength{\topmargin}{-16.69379pt}.

[521]

Package fancyhdr Warning: \headheight is too small (12.0pt): 
(fancyhdr)                Make it at least 28.69379pt, for example:
(fancyhdr)                \setlength{\headheight}{28.69379pt}.
(fancyhdr)                You might also make \topmargin smaller to compensate:
(fancyhdr)                \addtolength{\topmargin}{-16.69379pt}.

[522]

Package fancyhdr Warning: \headheight is too small (12.0pt): 
(fancyhdr)                Make it at least 28.69379pt, for example:
(fancyhdr)                \setlength{\headheight}{28.69379pt}.
(fancyhdr)                You might also make \topmargin smaller to compensate:
(fancyhdr)                \addtolength{\topmargin}{-16.69379pt}.

[523]

Package fancyhdr Warning: \headheight is too small (12.0pt): 
(fancyhdr)                Make it at least 28.69379pt, for example:
(fancyhdr)                \setlength{\headheight}{28.69379pt}.
(fancyhdr)                You might also make \topmargin smaller to compensate:
(fancyhdr)                \addtolength{\topmargin}{-16.69379pt}.

[524]

Package fancyhdr Warning: \headheight is too small (12.0pt): 
(fancyhdr)                Make it at least 28.69379pt, for example:
(fancyhdr)                \setlength{\headheight}{28.69379pt}.
(fancyhdr)                You might also make \topmargin smaller to compensate:
(fancyhdr)                \addtolength{\topmargin}{-16.69379pt}.

[525]

Package fancyhdr Warning: \headheight is too small (12.0pt): 
(fancyhdr)                Make it at least 28.69379pt, for example:
(fancyhdr)                \setlength{\headheight}{28.69379pt}.
(fancyhdr)                You might also make \topmargin smaller to compensate:
(fancyhdr)                \addtolength{\topmargin}{-16.69379pt}.

[526]

Package fancyhdr Warning: \headheight is too small (12.0pt): 
(fancyhdr)                Make it at least 28.69379pt, for example:
(fancyhdr)                \setlength{\headheight}{28.69379pt}.
(fancyhdr)                You might also make \topmargin smaller to compensate:
(fancyhdr)                \addtolength{\topmargin}{-16.69379pt}.

[527]

Package fancyhdr Warning: \headheight is too small (12.0pt): 
(fancyhdr)                Make it at least 28.69379pt, for example:
(fancyhdr)                \setlength{\headheight}{28.69379pt}.
(fancyhdr)                You might also make \topmargin smaller to compensate:
(fancyhdr)                \addtolength{\topmargin}{-16.69379pt}.

[528]

Package fancyhdr Warning: \headheight is too small (12.0pt): 
(fancyhdr)                Make it at least 28.69379pt, for example:
(fancyhdr)                \setlength{\headheight}{28.69379pt}.
(fancyhdr)                You might also make \topmargin smaller to compensate:
(fancyhdr)                \addtolength{\topmargin}{-16.69379pt}.

[529]

Package fancyhdr Warning: \headheight is too small (12.0pt): 
(fancyhdr)                Make it at least 28.69379pt, for example:
(fancyhdr)                \setlength{\headheight}{28.69379pt}.
(fancyhdr)                You might also make \topmargin smaller to compensate:
(fancyhdr)                \addtolength{\topmargin}{-16.69379pt}.

[530]

Package fancyhdr Warning: \headheight is too small (12.0pt): 
(fancyhdr)                Make it at least 28.69379pt, for example:
(fancyhdr)                \setlength{\headheight}{28.69379pt}.
(fancyhdr)                You might also make \topmargin smaller to compensate:
(fancyhdr)                \addtolength{\topmargin}{-16.69379pt}.

[531]

Package fancyhdr Warning: \headheight is too small (12.0pt): 
(fancyhdr)                Make it at least 28.69379pt, for example:
(fancyhdr)                \setlength{\headheight}{28.69379pt}.
(fancyhdr)                You might also make \topmargin smaller to compensate:
(fancyhdr)                \addtolength{\topmargin}{-16.69379pt}.

[532]
Missing character: There is no ① (U+2460) in font [lmroman12-regular]:mapping=tex-text;!
Missing character: There is no ② (U+2461) in font [lmroman12-regular]:mapping=tex-text;!

Package fancyhdr Warning: \headheight is too small (12.0pt): 
(fancyhdr)                Make it at least 28.69379pt, for example:
(fancyhdr)                \setlength{\headheight}{28.69379pt}.
(fancyhdr)                You might also make \topmargin smaller to compensate:
(fancyhdr)                \addtolength{\topmargin}{-16.69379pt}.

[533]

Package fancyhdr Warning: \headheight is too small (12.0pt): 
(fancyhdr)                Make it at least 28.69379pt, for example:
(fancyhdr)                \setlength{\headheight}{28.69379pt}.
(fancyhdr)                You might also make \topmargin smaller to compensate:
(fancyhdr)                \addtolength{\topmargin}{-16.69379pt}.

[534]

Package fancyhdr Warning: \headheight is too small (12.0pt): 
(fancyhdr)                Make it at least 28.69379pt, for example:
(fancyhdr)                \setlength{\headheight}{28.69379pt}.
(fancyhdr)                You might also make \topmargin smaller to compensate:
(fancyhdr)                \addtolength{\topmargin}{-16.69379pt}.

[535]
Missing character: There is no ① (U+2460) in font [lmroman12-bold]:mapping=tex-text;!

Package fancyhdr Warning: \headheight is too small (12.0pt): 
(fancyhdr)                Make it at least 28.69379pt, for example:
(fancyhdr)                \setlength{\headheight}{28.69379pt}.
(fancyhdr)                You might also make \topmargin smaller to compensate:
(fancyhdr)                \addtolength{\topmargin}{-16.69379pt}.

[536]
Missing character: There is no ② (U+2461) in font [lmroman12-bold]:mapping=tex-text;!
Missing character: There is no ① (U+2460) in font [lmroman10-bold]:mapping=tex-text;!
Missing character: There is no ② (U+2461) in font [lmroman10-bold]:mapping=tex-text;!

Overfull \hbox (35.77377pt too wide) in paragraph at lines 1112--1113
 [][] 
 []

Missing character: There is no ① (U+2460) in font [lmroman12-regular]:mapping=tex-text;!
Missing character: There is no ② (U+2461) in font [lmroman12-regular]:mapping=tex-text;!
Missing character: There is no ① (U+2460) in font [lmroman12-regular]:mapping=tex-text;!
Missing character: There is no ② (U+2461) in font [lmroman12-regular]:mapping=tex-text;!
)

Package fancyhdr Warning: \headheight is too small (12.0pt): 
(fancyhdr)                Make it at least 28.69379pt, for example:
(fancyhdr)                \setlength{\headheight}{28.69379pt}.
(fancyhdr)                You might also make \topmargin smaller to compensate:
(fancyhdr)                \addtolength{\topmargin}{-16.69379pt}.

[537]

Package fancyhdr Warning: \headheight is too small (12.0pt): 
(fancyhdr)                Make it at least 28.69379pt, for example:
(fancyhdr)                \setlength{\headheight}{28.69379pt}.
(fancyhdr)                You might also make \topmargin smaller to compensate:
(fancyhdr)                \addtolength{\topmargin}{-16.69379pt}.

[538] (./main.aux)
 ***********
LaTeX2e <2023-11-01> patch level 1
L3 programming layer <2022/07/14>
 ***********


LaTeX Font Warning: Some font shapes were not available, defaults substituted.


LaTeX Warning: There were undefined references.


LaTeX Warning: There were multiply-defined labels.

Package rerunfilecheck Info: File `main.out' has not changed.
(rerunfilecheck)             Checksum: F64AA49D136A668A94E2F85D69024D5F;86109.
 ) 
Here is how much of TeX's memory you used:
 40952 strings out of 474773
 981522 string characters out of 5761289
 1953842 words of memory out of 5000000
 62389 multiletter control sequences out of 15000+600000
 580604 words of font info for 195 fonts, out of 8000000 for 9000
 1348 hyphenation exceptions out of 8191
 93i,22n,97p,1190b,935s stack positions out of 10000i,1000n,20000p,200000b,200000s

Output written on main.pdf (538 pages).
